0.9883420389683008,0.2,0.6
0.009325185135021584,0.2,0.2
0.0062052580504151035,0.2,0.2
0.00448730162295805,0.2,0.15
0.0033991977936486165,0.2,0.15
0.013787773106233081,0.2,0.45
0.009693200263469792,0.2,0.35
0.008291143987420861,0.2,0.25
0.010105239894324826,0.2,0.3
0.008322722811046637,0.2,0.25
0.008720669930523835,0.2,0.3
0.005553375043970035,0.2,0.15
0.00764139938707007,0.2,0.15
0.013165345155207658,0.2,0.45
0.011450966709801625,0.2,0.45
0.008261174958631642,0.2,0.35
0.006879086116947806,0.2,0.2
0.007942271369764532,0.2,0.15
0.0037370796183323193,0.2,0.2
0.004472250768791277,0.2,0.1
0.015058906412888906,0.2,0.6
0.011530567377429149,0.2,0.7
0.012680961829286498,0.2,0.45
0.008631316662519602,0.2,0.45
0.007850882384532026,0.2,0.4
0.008596390135193522,0.2,0.4
0.006157805132264915,0.2,0.25
0.019446772836803024,0.2,0.4
0.010896953041400998,0.2,0.75
0.009955313887482123,0.2,0.5
0.008569724388638358,0.2,0.35
0.006397661214723203,0.2,0.25
0.009780965649367054,0.2,0.15
0.015967598270289592,0.2,0.85
0.01082422409188942,0.2,0.55
0.011133844498725934,0.2,0.4
0.011918213956006693,0.2,0.3
0.008688525138121541,0.2,0.25
0.0051812800323619585,0.2,0.2
0.01491761079139202,0.2,0.15
0.016990678414651367,0.2,0.75
0.010878876859697932,0.2,0.45
0.008353589547015327,0.2,0.25
0.009565241644974763,0.2,0.3
0.006530880270707801,0.2,0.2
0.009678059153771922,0.2,0.15
0.013902377262552341,0.2,0.65
0.012011429805084104,0.2,0.7
0.009508299855009774,0.2,0.5
0.008524991889351918,0.2,0.4
0.008910360905206504,0.2,0.3
0.008106497282500583,0.2,0.15
0.00809739968495922,0.2,0.2
0.022484509766168368,0.2,0.45
0.010159342632043338,0.2,0.6
0.009264140538917836,0.2,0.4
0.010380510641744547,0.2,0.3
0.007024102306439566,0.2,0.2
0.008593005319136229,0.2,0.3
0.005081234622937712,0.2,0.15
0.00959618883591906,0.2,0.15
0.012926002607544328,0.2,0.7
0.012208590688580684,0.2,0.85
0.012225797877124609,0.2,0.35
0.00839542394747594,0.2,0.4
0.005320901583132895,0.2,0.15
0.00966389596247651,0.2,0.35
0.018034173666883306,0.2,0.45
0.010871388173937823,0.2,0.6
0.011652614275306407,0.2,0.45
0.00817222477227452,0.2,0.3
0.009308377491214574,0.2,0.3
0.0067324196819378325,0.2,0.2
0.006978821091444994,0.2,0.15
0.006337903157625395,0.2,0.15
0.007703458746320828,0.2,0.15
0.006853518431954366,0.2,0.1
0.006275882640416729,0.2,0.15
0.0070492298584936336,0.2,0.15
0.00533403692851206,0.2,0.15
0.004156759969249429,0.2,0.15
0.0032459987520809634,0.2,0.15
0.004419557233363939,0.2,0.15
0.0034923089497817137,0.2,0.1
0.004463189765133175,0.2,0.15
0.005357803943446031,0.2,0.15
0.02602967869477035,0.2,0.35
0.006963880785492065,0.2,0.3
0.003101121967809219,0.2,0.2
0.008856854470961429,0.2,0.15
0.004885102753164592,0.2,0.15
0.009329896986202492,0.2,0.2
0.005239630902289985,0.2,0.25
0.00281779409054906,0.2,0.15
0.004385604905137476,0.2,0.15
0.011641146085381077,0.2,0.3
0.01179426907537045,0.2,0.5
0.010046329677524753,0.2,0.3
0.009361979613859813,0.2,0.25
0.006122569003433294,0.2,0.25
0.006372545522718555,0.2,0.15
0.006395664149997641,0.2,0.15
0.0050258083130890144,0.2,0.15
1.4516746072349092,0.2,0.55
0.1837547441234644,0.2,1.0
0.03452078085846426,0.2,0.7
0.018084745095631106,0.2,0.6
0.01713971689218795,0.2,0.95
0.010860341312892817,0.2,0.65
0.008879547492145841,0.2,0.35
0.010002120639260998,0.2,0.25
0.006090105894557678,0.2,0.2
0.005400243441764749,0.2,0.15
0.0032699743088211858,0.2,0.15
0.005696109714632804,0.2,0.1
0.004691814213907017,0.2,0.15
0.004369556013151594,0.2,0.15
0.014974729895280222,0.2,0.35
0.007357881897970331,0.2,0.3
0.004235313038450647,0.2,0.15
0.00794013767960366,0.2,0.2
0.011146303377014133,0.2,0.15
0.00768502152235194,0.2,0.25
0.0073177527653506295,0.2,0.15
0.008611980671245327,0.2,0.15
0.009775898889379173,0.2,0.3
0.008825957609354918,0.2,0.3
0.0073905236444654744,0.2,0.15
0.006875933541349165,0.2,0.15
0.003570416158561075,0.2,0.15
0.00558723869471876,0.2,0.15
0.01275337446152871,0.2,0.2
0.009491327010024697,0.2,0.35
0.011192021354218469,0.2,0.35
0.01004268405616436,0.2,0.35
0.010504460302345569,0.2,0.4
0.008375318923385349,0.2,0.35
0.008485537889690316,0.2,0.2
0.007549340407443369,0.2,0.3
0.00800802787712683,0.2,0.2
0.010977129400407314,0.2,0.45
0.00519449513883776,0.2,0.2
0.009763584575073994,0.2,0.15
0.009522568344188947,0.2,0.35
0.012737690535255627,0.2,0.2
0.009259113578516628,0.2,0.3
0.007516321435028018,0.2,0.25
0.00542732907317556,0.2,0.15
0.012153636280377975,0.2,0.3
0.009121493348448445,0.2,0.35
0.007932315109102856,0.2,0.2
0.0076898233163889195,0.2,0.2
0.006324878438229325,0.2,0.2
0.007256820638036736,0.2,0.15
0.0016512182077873087,0.2,0.15
0.003010028509943507,0.2,0.15
0.004090362919986541,0.2,0.15
0.002917501495127421,0.2,0.1
0.0019837806693722656,0.2,0.15
0.003394732745148576,0.2,0.15
0.0025042454920321338,0.2,0.15
0.009624369417663535,0.2,0.15
0.004229916284149955,0.2,0.2
0.005255193217983807,0.2,0.1
0.004662713747629115,0.2,0.15
0.00258132861537269,0.2,0.15
0.001969710203564019,0.2,0.15
0.0037983144677161255,0.2,0.15
0.0021430463051895546,0.2,0.15
0.0014118527334889138,0.2,0.15
0.00011835943802459711,0.2,0.1
0.0036357386961354717,0.2,0.15
0.003069044856881012,0.2,0.15
0.002861082160939466,0.2,0.15
0.004214184000314328,0.2,0.15
0.003402809462011526,0.2,0.15
0.004517191396452562,0.2,0.15
0.002418458084810256,0.2,0.1
0.0028954605033187316,0.2,0.15
0.0028625588003675186,0.2,0.15
0.004142606152027966,0.2,0.15
0.001294063142320258,0.2,0.15
0.001376665911525042,0.2,0.15
0.011349736781290039,0.2,0.2
0.010273130025956895,0.2,0.4
0.008617950686772168,0.2,0.35
0.010055429749686392,0.2,0.3
0.008779294581728856,0.2,0.2
0.00976669662618993,0.2,0.25
0.007090579506846137,0.2,0.25
0.008931415086393111,0.2,0.3
0.010034812290276786,0.2,0.4
0.010855626882371459,0.2,0.25
0.0062001848857050484,0.2,0.25
0.0069705540656604045,0.2,0.15
0.0048705100445535455,0.2,0.1
0.005107417098816955,0.2,0.15
0.003830576539392764,0.2,0.15
0.0034117675466983216,0.2,0.15
0.0033218418529584828,0.2,0.15
0.0034568967218758916,0.2,0.15
0.03491959120057693,0.2,0.25
0.005900034537190707,0.2,0.25
0.00777897381403543,0.2,0.3
0.0055700682698487285,0.2,0.15
0.005667556593575738,0.2,0.15
0.012103779215018111,0.2,0.35
0.008425376658574252,0.2,0.4
0.008845159878955034,0.2,0.25
0.0029868638323506617,0.2,0.2
0.008198275251789918,0.2,0.15
0.006640624589190141,0.2,0.2
0.0030953580574974732,0.2,0.2
0.004880795393159598,0.2,0.15
0.005313128807824075,0.2,0.1
0.011798025489422607,0.2,0.35
0.008242273844348736,0.2,0.35
0.008878946575481984,0.2,0.35
0.005512026786694912,0.2,0.25
0.008144429619246886,0.2,0.25
0.004021042652536628,0.2,0.2
0.004418661963599428,0.2,0.15
0.014521556981672748,0.2,0.4
0.012024838471741238,0.2,0.6
0.011889145684106504,0.2,0.55
0.009799922724344773,0.2,0.4
0.008892283297406059,0.2,0.4
0.009119288808465492,0.2,0.15
0.008462619309216933,0.2,0.3
0.013534293128812564,0.2,0.45
0.011600041534725393,0.2,0.65
0.010642204460101732,0.2,0.4
0.009299577879915363,0.2,0.25
0.007614405953097391,0.2,0.3
0.009269180696076814,0.2,0.35
0.014174392717835656,0.2,0.8
0.008879168739764668,0.2,0.55
0.011347963800533515,0.2,0.35
0.009075844642651466,0.2,0.4
0.006278116325974618,0.2,0.3
0.0070685220272420695,0.2,0.2
0.005375716304650858,0.2,0.15
0.01562438377661206,0.2,0.55
0.010627044600176055,0.2,0.6
0.009039425389676947,0.2,0.35
0.008576402515294885,0.2,0.3
0.007674035826590558,0.2,0.2
0.006374804719407726,0.2,0.25
0.011863305622818142,0.2,0.3
0.01578215163687922,0.2,0.7
0.010198642873175866,0.2,0.5
0.010777991603814601,0.2,0.35
0.00694559285737804,0.2,0.3
0.009664962929519861,0.2,0.25
0.0205306117232377,0.2,0.25
0.012036076095571864,0.2,0.6
0.008986884778354399,0.2,0.5
0.009705099246869228,0.2,0.3
0.008925910769213004,0.2,0.25
0.009940397276879617,0.2,0.2
0.0033355457192147746,0.2,0.25
0.006554092149175598,0.2,0.1
0.01961939672370782,0.2,0.2
0.0142958765382478,0.2,0.75
0.009812716127373526,0.2,0.4
0.010061796997288893,0.2,0.4
0.00694383804843568,0.2,0.3
0.006447248919340996,0.2,0.15
0.009828073421566726,0.2,0.2
0.01169049054871893,0.2,0.55
0.011632189750386723,0.2,0.55
0.008721739644395102,0.2,0.35
0.01075761272793267,0.2,0.3
0.00880811814211569,0.2,0.2
0.005679989385870235,0.2,0.15
0.008266064654344115,0.2,0.05
0.9124881167428622,0.3,0.65
0.005760056666050406,0.3,0.3
0.004612216051418889,0.3,0.3
0.003251253426350456,0.3,0.2
0.003967913828844764,0.3,0.2
0.010935747459836366,0.3,0.6
0.0065017671810560455,0.3,0.55
0.005978158419524429,0.3,0.35
0.006372968427202836,0.3,0.45
0.006172581691661584,0.3,0.35
0.006409238807827722,0.3,0.5
0.0023024431356172934,0.3,0.25
0.0039041515034588187,0.3,0.25
0.011532610629366323,0.3,0.55
0.006857736677164453,0.3,0.75
0.005327997131331372,0.3,0.5
0.004960905154038187,0.3,0.35
0.004446185551078637,0.3,0.4
0.0023477802279061,0.3,0.2
0.008187358623270804,0.3,0.55
0.010482719761536982,0.3,0.7
0.008619051192503498,0.3,0.95
0.008725084221547766,0.3,0.65
0.007170581929591619,0.3,0.6
0.006286139486626564,0.3,0.6
0.007794048266877011,0.3,0.35
0.004183075071203339,0.3,0.3
0.012483688608330728,0.3,0.65
0.009340582484999393,0.3,0.9
0.006711676149045544,0.3,0.65
0.005848171542229727,0.3,0.5
0.004736628379303729,0.3,0.4
0.009198408830415736,0.3,0.45
0.013946358243709425,0.3,0.8
0.007466077558257896,0.3,0.8
0.007010616361603719,0.3,0.55
0.007997129171347078,0.3,0.5
0.00440433286996728,0.3,0.3
0.005489580907950917,0.3,0.4
0.013732109155261041,0.3,0.35
0.010186027516569001,0.3,1.0
0.006841039620415367,0.3,0.75
0.006114273691025417,0.3,0.45
0.005323388934366763,0.3,0.35
0.005327620521500452,0.3,0.35
0.00623433780654726,0.3,0.4
0.010053971737530216,0.3,0.8
0.009455689006957774,0.3,0.9
0.007415113997356387,0.3,0.65
0.006257838429811022,0.3,0.5
0.008816823677887544,0.3,0.35
0.0055177218399158545,0.3,0.3
0.005554603229655432,0.3,0.6
0.012332269814096955,0.3,0.85
0.007581878561657559,0.3,0.8
0.006123564407326862,0.3,0.6
0.0068441549607868735,0.3,0.5
0.005426209317864516,0.3,0.3
0.005156355322915811,0.3,0.35
0.0040118683641615985,0.3,0.25
0.0071212879350851825,0.3,0.25
0.0100646796990534,0.3,0.85
0.009939295827534613,0.3,1.0
0.007669011406361181,0.3,0.6
0.006056777296477067,0.3,0.55
0.006789737696168178,0.3,0.45
0.005754283164876879,0.3,0.35
0.012185088733909633,0.3,0.7
0.008041193713295163,0.3,0.8
0.007633595509595192,0.3,0.7
0.005453237467882222,0.3,0.55
0.005985578521434286,0.3,0.5
0.004695558295583831,0.3,0.25
0.003528657927224983,0.3,0.25
0.004364500204460574,0.3,0.25
0.004530126671943562,0.3,0.2
0.004666981582011573,0.3,0.25
0.004306036723030454,0.3,0.2
0.0037679491244725512,0.3,0.25
0.0035746257258518705,0.3,0.25
0.002702719253102717,0.3,0.2
0.0042344530282517655,0.3,0.2
0.0038111966820082374,0.3,0.2
0.0030877380993936617,0.3,0.2
0.004298711041609944,0.3,0.2
0.002787132628908972,0.3,0.2
0.027554204271588723,0.3,0.35
0.004617585374494124,0.3,0.55
0.0034692130962904514,0.3,0.25
0.0046436437081045475,0.3,0.3
0.005887851153562651,0.3,0.25
0.005764809259625675,0.3,0.3
0.004845006283517209,0.3,0.35
0.00417409943393817,0.3,0.2
0.002764204246579233,0.3,0.2
0.009004585385750625,0.3,0.4
0.008386635070222241,0.3,0.65
0.00645949988940011,0.3,0.5
0.005915738505660184,0.3,0.4
0.0057389773644764205,0.3,0.25
0.0047788996290368205,0.3,0.25
0.0039042209970059282,0.3,0.2
0.003256820636312051,0.3,0.25
1.1581401658749717,0.3,0.7
0.18376069232274594,0.3,1.0
0.031130679503648697,0.3,0.8
0.014725353998249289,0.3,0.75
0.016280616070088155,0.3,1.0
0.00793410259557521,0.3,0.9
0.006157706915250923,0.3,0.6
0.005878950199447393,0.3,0.35
0.003604956760896815,0.3,0.3
0.0039835693396787384,0.3,0.3
0.004174638836820947,0.3,0.2
0.003722973338015857,0.3,0.2
0.0031884314394061116,0.3,0.2
0.003703554809749536,0.3,0.25
0.015290018117349058,0.3,0.35
0.0052210141091039415,0.3,0.45
0.004335316248749188,0.3,0.2
0.006921445006126282,0.3,0.3
0.0077017727841807,0.3,0.25
0.004041825280618149,0.3,0.3
0.005375565532354524,0.3,0.3
0.005408873948287825,0.3,0.45
0.005602265344095473,0.3,0.45
0.005774365728528457,0.3,0.45
0.004043197416330254,0.3,0.3
0.004267512907704949,0.3,0.25
0.002051414660634584,0.3,0.2
0.00473521474263832,0.3,0.3
0.007040127096281819,0.3,0.35
0.007491570801768928,0.3,0.45
0.006363222492561652,0.3,0.6
0.00645568868925245,0.3,0.5
0.007661359563570992,0.3,0.6
0.006242193199364521,0.3,0.55
0.0059148954837998065,0.3,0.4
0.005609411650112053,0.3,0.3
0.005359114837098321,0.3,0.25
0.006639602556658827,0.3,0.75
0.003298768666182738,0.3,0.2
0.005710211677204334,0.3,0.4
0.006069984006883316,0.3,0.4
0.006757740908642312,0.3,0.55
0.006045784471530479,0.3,0.5
0.00520914389513671,0.3,0.35
0.005450151729903364,0.3,0.3
0.006775288353099804,0.3,0.55
0.007606360330682547,0.3,0.45
0.004691735810583848,0.3,0.35
0.004667586668055841,0.3,0.3
0.00477687196057141,0.3,0.3
0.0030782199418806265,0.3,0.35
0.00196423430795325,0.3,0.2
0.0031243085836397664,0.3,0.2
0.0028462183106620327,0.3,0.25
0.002583134350405715,0.3,0.2
0.001618192382824903,0.3,0.2
0.0020702687109318842,0.3,0.2
0.0030850322515263073,0.3,0.2
0.0045359366654308345,0.3,0.25
0.004093626439107482,0.3,0.25
0.004072110878918697,0.3,0.25
0.002841308833545663,0.3,0.2
0.003221755310951168,0.3,0.2
0.0019795416407097886,0.3,0.2
0.0028821537817855757,0.3,0.2
0.002275764154433865,0.3,0.2
0.0024981075508290714,0.3,0.2
0.001271885670018518,0.3,0.2
0.001662486468991357,0.3,0.2
0.002218069335589824,0.3,0.2
0.0025985007434367567,0.3,0.2
0.002256733137392734,0.3,0.2
0.001900635670495675,0.3,0.2
0.004472343953786146,0.3,0.2
0.0034453673171755137,0.3,0.2
0.002996704949131063,0.3,0.2
0.0020676871964287963,0.3,0.2
0.0020790755155886487,0.3,0.2
0.0014330372419579618,0.3,0.2
0.001535254336598609,0.3,0.2
0.005806661681142991,0.3,0.45
0.007350171477779879,0.3,0.55
0.006869708029562224,0.3,0.55
0.005823840859748812,0.3,0.5
0.0050873851588486285,0.3,0.3
0.005233488804169541,0.3,0.55
0.005636428844894194,0.3,0.25
0.005976255384982747,0.3,0.5
0.005947045310489424,0.3,0.65
0.006424046112037325,0.3,0.45
0.004021468599439078,0.3,0.3
0.0052522486888717905,0.3,0.25
0.0043180269188042636,0.3,0.25
0.0032703042202759268,0.3,0.2
0.004411371279574838,0.3,0.2
0.0031899961249249533,0.3,0.2
0.003416230311902212,0.3,0.2
0.0029754918767920776,0.3,0.2
0.02031649461691981,0.3,0.45
0.005241409500461436,0.3,0.35
0.003885398659683676,0.3,0.3
0.0048135766707323325,0.3,0.3
0.003979194002855766,0.3,0.2
0.009447128590499433,0.3,0.45
0.006030675324576827,0.3,0.65
0.006028654859076309,0.3,0.3
0.003140752134574294,0.3,0.2
0.005821994751543842,0.3,0.3
0.004414209015558511,0.3,0.25
0.004085869981710675,0.3,0.25
0.004956903109567088,0.3,0.3
0.004802506045140648,0.3,0.2
0.007774043883902723,0.3,0.5
0.006362942241229887,0.3,0.5
0.006782778135103917,0.3,0.5
0.005420990764047959,0.3,0.35
0.0049524449612243174,0.3,0.25
0.0029025068921376762,0.3,0.25
0.006248523011903789,0.3,0.35
0.007581976176616393,0.3,0.7
0.010603148889022446,0.3,0.75
0.00814190068034912,0.3,0.7
0.007710307581048081,0.3,0.6
0.00668053098102423,0.3,0.45
0.005445905847438991,0.3,0.3
0.005447329803928279,0.3,0.4
0.009118680694661128,0.3,0.75
0.007868777195922686,0.3,0.95
0.006008590279969165,0.3,0.7
0.005286950360614329,0.3,0.5
0.006166102398337006,0.3,0.35
0.008110838238571933,0.3,0.55
0.013176921908288345,0.3,0.75
0.00737309707955691,0.3,0.7
0.007449892201909595,0.3,0.55
0.006575534312369521,0.3,0.6
0.005643499363604101,0.3,0.35
0.004498360982958423,0.3,0.4
0.0070753648182023164,0.3,0.3
0.00826360361089132,0.3,0.95
0.0073860919244059684,0.3,0.85
0.00644152243160478,0.3,0.55
0.004842916715380993,0.3,0.4
0.005909463198741047,0.3,0.35
0.005895927370172494,0.3,0.25
0.010425518177229769,0.3,0.6
0.01022878406169588,0.3,0.9
0.008056226803346207,0.3,0.6
0.0075227104829613985,0.3,0.55
0.006268076310406109,0.3,0.45
0.004895701405069931,0.3,0.35
0.012997855661873925,0.3,0.4
0.008751629610509003,0.3,0.85
0.007872528196917151,0.3,0.55
0.0057084832444495755,0.3,0.45
0.006319138512043823,0.3,0.35
0.006105389384356009,0.3,0.4
0.0022736659159603334,0.3,0.25
0.004960599344318628,0.3,0.2
0.015241686447552723,0.3,0.35
0.010839061105748882,0.3,0.9
0.005734814174003983,0.3,0.65
0.006054439550502885,0.3,0.6
0.006349843954450072,0.3,0.4
0.0068653211195726415,0.3,0.35
0.006726390362802473,0.3,0.4
0.008524144020001538,0.3,0.8
0.0071854138383307745,0.3,0.8
0.005646953161952585,0.3,0.5
0.006575591035118492,0.3,0.55
0.00380309868109386,0.3,0.4
0.00338760649076065,0.3,0.25
0.004547954800696105,0.3,0.2
0.0045470515744714885,0.3,0.25
0.0037247931821953453,0.3,0.2
0.004275850823827304,0.3,0.25
0.0045537564744288815,0.3,0.2
0.002902506721466674,0.3,0.25
0.0026344245062576536,0.3,0.2
0.004012910049861587,0.3,0.2
0.003821205387313607,0.3,0.2
0.0036934796570372605,0.3,0.2
0.004537119746943919,0.3,0.25
0.0018086291249682406,0.3,0.2
0.011602152278280656,0.3,0.35
0.004994837434534707,0.3,0.25
0.006503550334108826,0.3,0.1
0.9124881167428622,0.4,0.65
0.004454336841884281,0.4,0.5
0.0035026530202611366,0.4,0.35
0.0030171423771675073,0.4,0.3
0.0020018283328329155,0.4,0.25
0.00817047010537567,0.4,0.85
0.005125844076155082,0.4,0.6
0.004439346357819055,0.4,0.65
0.006070738937917075,0.4,0.45
0.00492375301355818,0.4,0.4
0.00534543065323111,0.4,0.6
0.002645034218808506,0.4,0.35
0.003968123847856882,0.4,0.45
0.007738899985951369,0.4,0.8
0.006820396441239821,0.4,0.75
0.004923350434239902,0.4,0.7
0.004529790007128368,0.4,0.45
0.00339335687250431,0.4,0.45
0.0016186259860752588,0.4,0.25
0.006091109055960349,0.4,0.75
0.009379429653465117,0.4,0.8
0.008007680677952368,0.4,1.0
0.007834540009006684,0.4,0.7
0.0063826783213706256,0.4,0.7
0.005196547845315955,0.4,0.55
0.005440986816092623,0.4,0.6
0.004764073715830695,0.4,0.55
0.010275722150351389,0.4,0.8
0.00852230221194506,0.4,1.0
0.005706726452915371,0.4,0.8
0.004734812553160786,0.4,0.65
0.004659304900223875,0.4,0.4
0.007283323604447348,0.4,0.6
0.011746631156739578,0.4,0.95
0.006314968938094166,0.4,0.95
0.006096558225356302,0.4,0.75
0.0076003815077865435,0.4,0.5
0.0044799521161595504,0.4,0.5
0.003712730093215219,0.4,0.55
0.011114177474548325,0.4,0.5
0.010119690751320343,0.4,1.0
0.005731473819237972,0.4,0.9
0.004930105395067252,0.4,0.55
0.004664339481096618,0.4,0.55
0.0036551811278574104,0.4,0.45
0.004872982429580905,0.4,0.5
0.00942207177284909,0.4,0.9
0.008080700569623738,0.4,1.0
0.007100224660620648,0.4,0.65
0.007182134114516757,0.4,0.5
0.0077814105411023,0.4,0.45
0.004215738294781834,0.4,0.55
0.004457616866244043,0.4,0.65
0.010907779342804083,0.4,0.95
0.007160233371603707,0.4,0.85
0.005769559997587533,0.4,0.7
0.005554692737786534,0.4,0.55
0.003623135054845445,0.4,0.45
0.004277685541728838,0.4,0.5
0.004184756717292271,0.4,0.35
0.0048026007723509226,0.4,0.55
0.008360727964734303,0.4,1.0
0.009939295794830721,0.4,1.0
0.006969207388846614,0.4,0.6
0.006054775250286191,0.4,0.65
0.005809350318692954,0.4,0.7
0.0038074637083474272,0.4,0.45
0.011826282231003711,0.4,0.7
0.00719106091330521,0.4,0.9
0.006276485746899103,0.4,0.85
0.005448897106504799,0.4,0.55
0.004392658196172853,0.4,0.65
0.0035541049761963132,0.4,0.4
0.0033432468945000264,0.4,0.25
0.003680010958386117,0.4,0.4
0.0031659921031871236,0.4,0.3
0.0037334780097243786,0.4,0.35
0.003928778714151797,0.4,0.5
0.0032257047473630844,0.4,0.3
0.003558879245416318,0.4,0.3
0.0027903963494914433,0.4,0.3
0.0031720671730919594,0.4,0.35
0.0034292148028168268,0.4,0.3
0.001960179053896292,0.4,0.25
0.003125141002094885,0.4,0.3
0.0023199643574670467,0.4,0.25
0.018122625560861336,0.4,0.55
0.004540793402871961,0.4,0.55
0.0029704062116495964,0.4,0.35
0.004387370081200145,0.4,0.45
0.004189663771142151,0.4,0.55
0.005693327766856601,0.4,0.55
0.004161184416263014,0.4,0.45
0.0033500881516819628,0.4,0.4
0.0037104758075857274,0.4,0.45
0.00528539164538694,0.4,0.85
0.006708458000692093,0.4,0.85
0.004775487437831076,0.4,0.7
0.005149842712772825,0.4,0.45
0.004267670020119077,0.4,0.35
0.0031147585641077215,0.4,0.35
0.00417784320235106,0.4,0.45
0.0024743260929296594,0.4,0.3
1.0810558955573153,0.4,0.75
0.1837606926286867,0.4,1.0
0.031130679503648697,0.4,0.8
0.01396907084825396,0.4,0.8
0.01628061577144974,0.4,1.0
0.00793410259557521,0.4,0.9
0.005694062515963414,0.4,0.65
0.004474570369353625,0.4,0.5
0.0038212732719856467,0.4,0.35
0.0030623454878278777,0.4,0.45
0.0028777636726812226,0.4,0.35
0.0023399275157132216,0.4,0.25
0.002849523794709397,0.4,0.3
0.0034159555501665734,0.4,0.4
0.00845440504762286,0.4,0.65
0.004419931639212221,0.4,0.6
0.003221916761297233,0.4,0.25
0.005277020066418424,0.4,0.65
0.0050078440942726695,0.4,0.5
0.0037775199618801654,0.4,0.35
0.0038855655705576472,0.4,0.4
0.004977662071368805,0.4,0.55
0.004583085398946091,0.4,0.6
0.0049239957671848595,0.4,0.5
0.0038000559296243494,0.4,0.45
0.0027580193079575596,0.4,0.3
0.0016452532956258048,0.4,0.25
0.003938611243473426,0.4,0.35
0.00592065851073381,0.4,0.45
0.006137874877791268,0.4,0.75
0.004367029336729982,0.4,0.75
0.0050648787006791225,0.4,0.65
0.006865107188276687,0.4,0.65
0.005261420276720556,0.4,0.7
0.004573408008331839,0.4,0.65
0.004001757418508765,0.4,0.55
0.004626660198750646,0.4,0.4
0.006324628650829974,0.4,0.8
0.0033914801766403175,0.4,0.4
0.004886209159562904,0.4,0.35
0.005284703224584551,0.4,0.65
0.005375670634985545,0.4,0.65
0.005439862621292563,0.4,0.6
0.0043059357684897695,0.4,0.35
0.004654512400269626,0.4,0.5
0.005080587668141855,0.4,0.75
0.005224969857347909,0.4,0.7
0.0032394563884376774,0.4,0.4
0.004149014650274226,0.4,0.3
0.0037962987507298993,0.4,0.4
0.0031900774562621625,0.4,0.35
0.0016300690690861474,0.4,0.25
0.0023415583760824864,0.4,0.25
0.003146324881986316,0.4,0.35
0.0027278199188249847,0.4,0.3
0.002142863385018994,0.4,0.25
0.0013685665719899115,0.4,0.25
0.002122754812595387,0.4,0.25
0.004238057627368581,0.4,0.45
0.0019104691913790703,0.4,0.3
0.002933641981313234,0.4,0.3
0.0016280126818037533,0.4,0.25
0.0020250673048243938,0.4,0.25
0.0008893100221934902,0.4,0.25
0.0015282807516675625,0.4,0.25
0.0010326255193327896,0.4,0.25
0.002121466605273767,0.4,0.3
0.00216539505991739,0.4,0.35
0.002908858855370561,0.4,0.3
0.001096396082195803,0.4,0.25
0.00198130321313588,0.4,0.25
0.0028030449087698794,0.4,0.25
0.0022854077754241517,0.4,0.3
0.0035837272087296318,0.4,0.4
0.0033073338952557124,0.4,0.35
0.002372879660071807,0.4,0.3
0.0022993364114687566,0.4,0.25
0.003032350611575996,0.4,0.3
0.0016151735630445863,0.4,0.25
0.002243010724898729,0.4,0.25
0.005446732347801898,0.4,0.55
0.005506886624316141,0.4,0.75
0.005641773519052421,0.4,0.7
0.005377752839844294,0.4,0.55
0.0036165278184729704,0.4,0.45
0.00459932352523902,0.4,0.65
0.00404453680208195,0.4,0.45
0.004889006499950068,0.4,0.55
0.005570451925088237,0.4,0.7
0.005015305049558156,0.4,0.6
0.003997726561323821,0.4,0.45
0.0032309960352744113,0.4,0.45
0.002888195601660523,0.4,0.3
0.0030463026823476375,0.4,0.3
0.0034401066295274263,0.4,0.25
0.002843371044216971,0.4,0.4
0.0023760618989809414,0.4,0.25
0.0026998464924567456,0.4,0.25
0.015434420770104712,0.4,0.6
0.0037450220546704663,0.4,0.35
0.004634820150123079,0.4,0.45
0.004383805856066931,0.4,0.4
0.002008791892694398,0.4,0.25
0.00691851447447187,0.4,0.7
0.00553844930638258,0.4,0.6
0.00515388130707144,0.4,0.4
0.0028024049412017963,0.4,0.3
0.0036087960396273726,0.4,0.4
0.00332770868573601,0.4,0.3
0.0026583050730866384,0.4,0.3
0.003653443271048512,0.4,0.35
0.003859771519641978,0.4,0.5
0.006245881539350999,0.4,0.6
0.0052090984892753794,0.4,0.6
0.006211070447657357,0.4,0.6
0.00324084178403718,0.4,0.45
0.004223866759809346,0.4,0.5
0.002514503230690671,0.4,0.25
0.005044617264845905,0.4,0.5
0.006833746011083024,0.4,0.8
0.008372182218897142,0.4,0.95
0.0065910876006170386,0.4,0.9
0.006300270928907672,0.4,0.7
0.005150529727266089,0.4,0.6
0.0038249968573633095,0.4,0.45
0.00565288109411653,0.4,0.45
0.010065031139984425,0.4,0.65
0.007852315710915757,0.4,0.95
0.006015253647555944,0.4,0.7
0.0049015196194056405,0.4,0.55
0.004496123557936539,0.4,0.55
0.007862252197928472,0.4,0.55
0.011180787862635959,0.4,0.9
0.006258177293245012,0.4,0.85
0.0064439882395514085,0.4,0.65
0.006066732137821192,0.4,0.65
0.005160499732723241,0.4,0.45
0.004076800193433333,0.4,0.55
0.004767878789360519,0.4,0.25
0.009178260683901726,0.4,0.9
0.0068485349202348205,0.4,0.9
0.005112709072517817,0.4,0.75
0.00398360335947222,0.4,0.5
0.00391406789462503,0.4,0.55
0.004259942785553561,0.4,0.35
0.008390687206031536,0.4,0.75
0.009410817780983318,0.4,1.0
0.006587377158897208,0.4,0.7
0.006057761972474456,0.4,0.75
0.005475312860502303,0.4,0.45
0.00443954073293597,0.4,0.6
0.010489892128505497,0.4,0.5
0.007813514924009167,0.4,0.95
0.0058866065067936955,0.4,0.75
0.004185635778302028,0.4,0.65
0.005302280074102375,0.4,0.5
0.0044551187285520166,0.4,0.55
0.00310432962162896,0.4,0.35
0.003521687145154484,0.4,0.4
0.007734158103414581,0.4,0.7
0.010064831743921851,0.4,0.95
0.00495964926718109,0.4,0.75
0.005585024618448554,0.4,0.65
0.004894711091237991,0.4,0.65
0.0048523397419860765,0.4,0.4
0.005728639910503593,0.4,0.5
0.00705253662398938,0.4,0.9
0.006554161902086194,0.4,0.95
0.004454604852005426,0.4,0.6
0.004912688823435442,0.4,0.75
0.0035015981628514666,0.4,0.4
0.002982920716279633,0.4,0.3
0.004083802101125355,0.4,0.3
0.0032252946355576955,0.4,0.3
0.003079283503341097,0.4,0.35
0.002726810215217695,0.4,0.25
0.003045670624132773,0.4,0.35
0.003310022321592608,0.4,0.35
0.0031404183849451403,0.4,0.3
0.0027560598117336104,0.4,0.3
0.0028306710998783984,0.4,0.25
0.002622288476976128,0.4,0.3
0.003340316560995078,0.4,0.4
0.0012875741517289787,0.4,0.25
0.009655518266754448,0.4,0.45
0.004064937749330049,0.4,0.5
0.0022956640409554766,0.4,0.25
0.0031178302926733736,0.4,0.35
0.0038293087500787313,0.4,0.4
0.0035015798006751697,0.4,0.3
0.0030803420329103275,0.4,0.3
0.0035408531742290176,0.4,0.35
0.0031574212248252236,0.4,0.3
0.0038053181219128685,0.4,0.35
0.005953108617830724,0.4,0.6
0.005980329371349661,0.4,0.55
0.005167104121671191,0.4,0.5
0.0037629519416119716,0.4,0.45
0.002978867697453959,0.4,0.35
0.004129405543201565,0.4,0.4
0.0035302459645613314,0.4,0.4
0.004256989420777977,0.4,0.65
0.0034036871693782877,0.4,0.3
0.001261548626063831,0.4,0.25
0.002827137897037411,0.4,0.35
0.0019276715945761144,0.4,0.3
0.001612577698721858,0.4,0.3
0.002108231382348078,0.4,0.1
0.8470301082156226,0.5,0.7
0.00343067082788348,0.5,0.65
0.0021928990864564808,0.5,0.45
0.0031973075389981746,0.5,0.6
0.003943254353430088,0.5,0.55
0.007016895675624527,0.5,0.9
0.004150238712396793,0.5,0.8
0.0037203125158127622,0.5,0.75
0.004588565206105314,0.5,0.75
0.0046328853469079145,0.5,0.6
0.0051477316559857735,0.5,0.8
0.002226709038448312,0.5,0.35
0.00396057589648411,0.5,0.5
0.007723034725221104,0.5,0.8
0.0057939800043807594,0.5,0.9
0.004258763470489204,0.5,0.85
0.004128392651671305,0.5,0.5
0.003194758648902242,0.5,0.6
0.0021597829563721554,0.5,0.25
0.005712580051495623,0.5,0.8
0.007897812480987608,0.5,0.95
0.008007680194572259,0.5,1.0
0.006495246078080757,0.5,0.9
0.005050455391507339,0.5,0.95
0.004661676525397161,0.5,0.6
0.004235615568540824,0.5,0.8
0.00377845899666941,0.5,0.6
0.010035169007185178,0.5,0.8
0.008522302477524595,0.5,1.0
0.004917429218010374,0.5,0.95
0.004170812017959859,0.5,0.8
0.0034717357190724545,0.5,0.5
0.006291410589650972,0.5,0.75
0.011746047123115838,0.5,0.95
0.006000930843118397,0.5,1.0
0.006270553088406663,0.5,0.85
0.005090839953537871,0.5,0.8
0.0031976960669915368,0.5,0.55
0.0038267240444459887,0.5,0.6
0.008554857894995613,0.5,0.65
0.010116075870673768,0.5,1.0
0.00573147381923751,0.5,0.9
0.004220848303378188,0.5,0.7
0.003876963900205517,0.5,0.6
0.0031769961849086384,0.5,0.55
0.004446109323983309,0.5,0.55
0.008470171105536058,0.5,1.0
0.008080558839254397,0.5,1.0
0.005461503897571573,0.5,0.9
0.005603924753949089,0.5,0.65
0.00561285429838402,0.5,0.65
0.0037156193718338466,0.5,0.75
0.0041078315482418765,0.5,0.75
0.010907787021871493,0.5,0.95
0.006333873336769295,0.5,1.0
0.004364551890172814,0.5,0.9
0.003516580153758291,0.5,0.9
0.003721381063807843,0.5,0.45
0.0033755376674492886,0.5,0.6
0.0036032645303078915,0.5,0.45
0.004654470711170714,0.5,0.65
0.008083483311519502,0.5,1.0
0.009939295794660897,0.5,1.0
0.006969207388846614,0.5,0.6
0.005369795455869489,0.5,0.85
0.005367990040677484,0.5,0.75
0.004175848736136497,0.5,0.75
0.009167290641208891,0.5,0.95
0.006636736438418678,0.5,1.0
0.005453452174487422,0.5,0.95
0.004310388998787856,0.5,0.7
0.0037386983157371677,0.5,0.7
0.0029059139794938905,0.5,0.55
0.0023145314034319314,0.5,0.35
0.0030375625411381,0.5,0.45
0.002666815512921632,0.5,0.4
0.0034346108374500185,0.5,0.45
0.002895547374003562,0.5,0.45
0.0026999046022725725,0.5,0.5
0.002392068841360353,0.5,0.35
0.002033926779507745,0.5,0.35
0.0016918211577762153,0.5,0.25
0.0020365031350902526,0.5,0.4
0.0022513104498491647,0.5,0.35
0.002758633855305839,0.5,0.35
0.0028249434632119977,0.5,0.35
0.016198538292360103,0.5,0.6
0.004375650939634977,0.5,0.7
0.0030979239510186083,0.5,0.4
0.0037772251080898673,0.5,0.65
0.003574907203677961,0.5,0.55
0.0046086465833676754,0.5,0.75
0.004752148387511791,0.5,0.8
0.0034253218983304485,0.5,0.65
0.002793562600025135,0.5,0.5
0.0053747320547550565,0.5,0.8
0.005877047481173088,0.5,1.0
0.00409453369191285,0.5,0.85
0.0034989062439172067,0.5,0.65
0.003799680461002813,0.5,0.5
0.0028125513466400374,0.5,0.4
0.003190802475497731,0.5,0.5
0.0021960202535658622,0.5,0.35
1.1579766640444087,0.5,0.7
0.18376069223007757,0.5,1.0
0.030821688870192484,0.5,0.8
0.011677092558351648,0.5,0.95
0.016280420931800297,0.5,1.0
0.007394637997604504,0.5,1.0
0.004932587601044453,0.5,0.7
0.004085668015488982,0.5,0.55
0.003017022476366012,0.5,0.4
0.0030634113947177618,0.5,0.45
0.002985937205059284,0.5,0.5
0.0018595944657289435,0.5,0.35
0.00200706391616145,0.5,0.3
0.0026570968651100646,0.5,0.4
0.007520517911288104,0.5,0.75
0.004090500391516579,0.5,0.65
0.0041620008882834745,0.5,0.55
0.003824336172469807,0.5,0.7
0.004516861956880512,0.5,0.8
0.003641534798508308,0.5,0.55
0.003011672805482182,0.5,0.55
0.00382609437402238,0.5,0.8
0.003872263106103935,0.5,0.7
0.004281500296096417,0.5,0.65
0.0030123176237285545,0.5,0.5
0.0029146995609156544,0.5,0.45
0.002033034040895068,0.5,0.3
0.003418734656480596,0.5,0.4
0.004875887394643608,0.5,0.6
0.005398482204315858,0.5,0.6
0.0045118053012477,0.5,0.9
0.004411538273578577,0.5,0.75
0.005886198698473462,0.5,0.85
0.004238279881345236,0.5,0.85
0.0042495666494545194,0.5,0.65
0.0037871394741897943,0.5,0.7
0.0036849286766648757,0.5,0.55
0.006281090067085214,0.5,0.85
0.003312076474281444,0.5,0.45
0.004630780255573238,0.5,0.65
0.003920620793809685,0.5,0.75
0.005010739208701363,0.5,0.75
0.00470872411449719,0.5,0.7
0.003343682454121353,0.5,0.5
0.0046482069758296204,0.5,0.5
0.004526204340065433,0.5,0.85
0.00482752851571219,0.5,0.75
0.0033681745603479957,0.5,0.55
0.00352899148645695,0.5,0.4
0.002993354045552203,0.5,0.55
0.0024072178545529047,0.5,0.45
0.0015271685961460763,0.5,0.25
0.001857558217083955,0.5,0.25
0.0028497154908482475,0.5,0.35
0.0026181923598115023,0.5,0.45
0.002574290529394496,0.5,0.3
0.0013707981361617944,0.5,0.25
0.0022335128686439693,0.5,0.3
0.0040356969602935245,0.5,0.55
0.0021840162947115343,0.5,0.35
0.003295747181850601,0.5,0.45
0.00242941283492951,0.5,0.3
0.0019757012146202247,0.5,0.3
0.0008891457292092017,0.5,0.25
0.001528142030132439,0.5,0.25
0.0010326248468805334,0.5,0.25
0.002121466603498412,0.5,0.3
0.0021653950599160162,0.5,0.35
0.0026460412345214314,0.5,0.35
0.001014672043549243,0.5,0.3
0.0019815203097453163,0.5,0.25
0.0014607224022482749,0.5,0.3
0.0014339832654851259,0.5,0.25
0.0018003220590667496,0.5,0.3
0.0034461843361111182,0.5,0.45
0.0025620855496819796,0.5,0.4
0.0025517428635907567,0.5,0.3
0.0022937020527578045,0.5,0.35
0.0022695421586322656,0.5,0.25
0.0025818740073112463,0.5,0.35
0.004635304067873814,0.5,0.6
0.004848138165569276,0.5,0.85
0.0047610584548300845,0.5,0.85
0.0035802067563346198,0.5,0.8
0.0030201004488783533,0.5,0.55
0.004112314795385798,0.5,0.75
0.00355442131534737,0.5,0.55
0.0037252632169253582,0.5,0.85
0.004139696097400096,0.5,0.9
0.004111563916214545,0.5,0.8
0.003819272869788,0.5,0.45
0.003008216787064702,0.5,0.5
0.002659590836777267,0.5,0.45
0.0024097115081311705,0.5,0.35
0.0030601925526748054,0.5,0.4
0.0024674428505608963,0.5,0.35
0.002592959349688824,0.5,0.4
0.00289982571034966,0.5,0.4
0.014246509704364533,0.5,0.65
0.003990090583940117,0.5,0.45
0.0032191873616674036,0.5,0.5
0.0032534840942319157,0.5,0.35
0.0014655221754190388,0.5,0.35
0.006908517341431423,0.5,0.7
0.004736238820083539,0.5,0.8
0.003890644261685289,0.5,0.55
0.0033657004820230943,0.5,0.5
0.003055493524064354,0.5,0.55
0.00393619832794321,0.5,0.4
0.002812115814862987,0.5,0.4
0.0033477976648451013,0.5,0.45
0.0044027614881465395,0.5,0.6
0.004924525946716672,0.5,0.9
0.00473232192921434,0.5,0.75
0.0046766133281436,0.5,0.75
0.0031191743980946065,0.5,0.45
0.004045537641402871,0.5,0.55
0.0025081589064126705,0.5,0.35
0.004041627400361975,0.5,0.45
0.006286385367097736,0.5,0.9
0.007893235977377015,0.5,1.0
0.006249782511909419,0.5,0.95
0.005427905472462306,0.5,0.8
0.004108502917388772,0.5,0.8
0.0035966792523740437,0.5,0.6
0.004392405549652754,0.5,0.65
0.007538876810607988,0.5,0.9
0.007472775843067078,0.5,1.0
0.004739623097901213,0.5,0.9
0.003596285562660763,0.5,0.75
0.004210252658497364,0.5,0.6
0.005842235859987088,0.5,0.8
0.010320162222971508,0.5,1.0
0.005765475756778178,0.5,0.9
0.005638455288279376,0.5,0.75
0.0055034637739850446,0.5,0.75
0.003936442309931475,0.5,0.55
0.00384273981055156,0.5,0.5
0.0040845561855745935,0.5,0.3
0.00869704573302564,0.5,0.95
0.006286689005645228,0.5,1.0
0.0047943785560115824,0.5,0.8
0.003187782188181771,0.5,0.7
0.004036656487542322,0.5,0.55
0.003992436156537127,0.5,0.45
0.007434568676475925,0.5,0.8
0.009410817589466226,0.5,1.0
0.006312797416565878,0.5,0.85
0.004812518295464296,0.5,0.8
0.004903465424384252,0.5,0.6
0.004033220541623189,0.5,0.65
0.008571704564671776,0.5,0.6
0.007432025650350334,0.5,1.0
0.004991146395963842,0.5,0.9
0.0038150378122973,0.5,0.7
0.004219202160659027,0.5,0.65
0.004527847992475393,0.5,0.5
0.0028760340441716437,0.5,0.4
0.0032848718658358483,0.5,0.5
0.007447155025687202,0.5,0.8
0.009561245557349902,0.5,1.0
0.004649833060641271,0.5,0.8
0.00506684903292394,0.5,0.85
0.004242245331223698,0.5,0.75
0.004636634660706463,0.5,0.65
0.004732597759084616,0.5,0.5
0.006742103814952873,0.5,1.0
0.005993922528147866,0.5,0.95
0.004323164498616101,0.5,0.65
0.004334846973625239,0.5,0.85
0.002849192964344399,0.5,0.55
0.002965500645012204,0.5,0.4
0.0034047621589808805,0.5,0.45
0.0025046713728891427,0.5,0.45
0.003401272687219957,0.5,0.5
0.0026216916139471173,0.5,0.5
0.0026671041530935678,0.5,0.4
0.0029675717467344304,0.5,0.7
0.0028618846898529225,0.5,0.35
0.0024069782340350085,0.5,0.45
0.0019503522916788328,0.5,0.3
0.002254022132333952,0.5,0.4
0.003259025465421593,0.5,0.55
0.0012879104513856953,0.5,0.25
0.00908294299598699,0.5,0.5
0.003258665685405816,0.5,0.55
0.0025942919128333444,0.5,0.45
0.0028258281211850167,0.5,0.35
0.0025930306134709104,0.5,0.7
0.0025015204201068045,0.5,0.45
0.0032123054055310835,0.5,0.3
0.0032414236065327344,0.5,0.45
0.0024422069224649405,0.5,0.4
0.003463080876804596,0.5,0.3
0.004819543083205565,0.5,0.8
0.004660038389592136,0.5,0.8
0.0034838089991807157,0.5,0.6
0.0028447312564416558,0.5,0.6
0.003395086661063982,0.5,0.5
0.0037223004444872764,0.5,0.45
0.0034668092395070357,0.5,0.45
0.0036101530875174703,0.5,0.8
0.003440212009114424,0.5,0.55
0.0028799442186429815,0.5,0.35
0.0020097570375608533,0.5,0.3
0.0029231833994850577,0.5,0.3
0.002189278209571268,0.5,0.35
0.002921453100984345,0.5,0.5
0.002180772322843397,0.5,0.3
0.0025717122175947095,0.5,0.4
0.0020887967242329427,0.5,0.3
0.0028575673108381973,0.5,0.35
0.002653355113017503,0.5,0.4
0.003029997294755314,0.5,0.55
0.0029201115378468295,0.5,0.4
0.006384871646893867,0.5,0.5
0.009317630550751965,0.5,0.8
0.003024437694817456,0.5,0.4
0.0038810405971524803,0.5,0.45
0.0029473369491006215,0.5,0.45
0.0019848565497072286,0.5,0.35
0.0031511654973070445,0.5,0.45
0.004547770024911959,0.5,0.65
0.0038445772363313925,0.5,0.85
0.004165353658096503,0.5,0.8
0.0034032307469741892,0.5,0.6
0.002311173051560724,0.5,0.05
0.7909883029875621,0.6,0.75
0.003131183037708255,0.6,0.65
0.0024146803103204948,0.6,0.5
0.0028348618237730144,0.6,0.65
0.003654512957811713,0.6,0.4
0.007005401588537705,0.6,0.9
0.004130991624213903,0.6,0.85
0.00341643056863547,0.6,0.85
0.004287816779127294,0.6,0.75
0.004653905918197394,0.6,0.6
0.004606761950814717,0.6,0.85
0.0015964451837173729,0.6,0.4
0.0021685202712921495,0.6,0.45
0.007268684234517294,0.6,0.9
0.005793979917942269,0.6,0.9
0.004062022112636714,0.6,0.9
0.003991966046853112,0.6,0.6
0.002998262718278424,0.6,0.6
0.003249353692569578,0.6,0.4
0.004721579343613854,0.6,0.95
0.00789781785805248,0.6,0.95
0.00800768019457226,0.6,1.0
0.006490505997777338,0.6,0.9
0.005054931260392693,0.6,0.95
0.004661676525399877,0.6,0.6
0.004235615568540824,0.6,0.8
0.0031265104294524804,0.6,0.5
0.009463015574848903,0.6,0.85
0.008522302202587883,0.6,1.0
0.004671634661645845,0.6,1.0
0.003987060048150616,0.6,0.85
0.0027780088705682757,0.6,0.65
0.0065217981330676095,0.6,0.65
0.011742546996969071,0.6,0.95
0.0060009308431165104,0.6,1.0
0.005985457255461846,0.6,0.9
0.004870124439114902,0.6,0.85
0.003553266486891444,0.6,0.65
0.0032357826816014007,0.6,0.65
0.007859881071955514,0.6,0.75
0.010116073645492074,0.6,1.0
0.005731473819237509,0.6,0.9
0.0037647316640357195,0.6,0.8
0.0034966368580085947,0.6,0.65
0.002885417696705442,0.6,0.55
0.0044818231515857485,0.6,0.6
0.008471904425800345,0.6,1.0
0.008080558839254631,0.6,1.0
0.005391490427451673,0.6,0.9
0.004718061823147499,0.6,0.85
0.005303553785735257,0.6,0.7
0.00342726348124258,0.6,0.85
0.0037615414838354402,0.6,0.8
0.010909212755100487,0.6,0.95
0.006333873336770027,0.6,1.0
0.004202699363289451,0.6,0.95
0.0036475293414495076,0.6,0.85
0.003105441607467049,0.6,0.5
0.003403723645504683,0.6,0.6
0.0035347997182293904,0.6,0.65
0.004536082052117876,0.6,0.7
0.00808412847365653,0.6,1.0
0.00993929579466098,0.6,1.0
0.005560540334322551,0.6,0.85
0.005101461590634561,0.6,0.9
0.004806807461750391,0.6,0.85
0.004114971363526362,0.6,0.85
0.00923920933290193,0.6,0.95
0.0066367364383210945,0.6,1.0
0.00522729622370711,0.6,1.0
0.004603586993696334,0.6,0.65
0.003738699178174127,0.6,0.7
0.0025090322114059913,0.6,0.5
0.0019215765074929248,0.6,0.45
0.002672417245718478,0.6,0.4
0.002884698427749261,0.6,0.6
0.002277054940726032,0.6,0.55
0.0026263072387680392,0.6,0.6
0.0021675715855497325,0.6,0.4
0.0029068696409469967,0.6,0.6
0.0018749370665026004,0.6,0.4
0.0024760546345905595,0.6,0.35
0.0023321216581229692,0.6,0.5
0.002157963419896133,0.6,0.4
0.00229550018275121,0.6,0.45
0.001344276775660439,0.6,0.35
0.017416331245853116,0.6,0.55
0.0038008593886859057,0.6,0.65
0.00284830815101688,0.6,0.45
0.003563829372930047,0.6,0.65
0.0034617069758227943,0.6,0.45
0.004036524822532723,0.6,0.8
0.004780875586577197,0.6,0.9
0.004043913030429017,0.6,0.8
0.002142129749667253,0.6,0.55
0.005052547850305832,0.6,0.75
0.005877039223190818,0.6,1.0
0.0038670845731062875,0.6,0.9
0.0032490583982024983,0.6,0.7
0.0031233602984002758,0.6,0.65
0.0031846859532402966,0.6,0.45
0.002972449881882158,0.6,0.45
0.002362984244748877,0.6,0.5
1.080789857526948,0.6,0.75
0.18376069263695957,0.6,1.0
0.02632246779290161,0.6,0.95
0.011901844557828466,0.6,0.95
0.016280422419822783,0.6,1.0
0.007394637997604504,0.6,1.0
0.004932587601044453,0.6,0.7
0.0034711771728182486,0.6,0.65
0.0026910961142533776,0.6,0.5
0.002829320968351992,0.6,0.6
0.0033972589576844615,0.6,0.4
0.0027066700292360125,0.6,0.55
0.002478628382682449,0.6,0.35
0.002122793095789174,0.6,0.4
0.007376930551007469,0.6,0.75
0.003756187476799988,0.6,0.8
0.0033340192828841117,0.6,0.7
0.003704744859254093,0.6,0.8
0.004168174974536376,0.6,0.8
0.0033369196302286998,0.6,0.8
0.003162645779646167,0.6,0.7
0.003686414703042954,0.6,0.8
0.003612199555706874,0.6,0.85
0.0037800740057608063,0.6,0.8
0.0028427465785239975,0.6,0.65
0.0021327566524851674,0.6,0.55
0.0015235556054530252,0.6,0.35
0.0030181193615746726,0.6,0.65
0.004435581249988937,0.6,0.65
0.004838938047859525,0.6,0.9
0.004017193652140323,0.6,0.85
0.004233875169365243,0.6,0.75
0.005707359037826803,0.6,0.9
0.004238279742165793,0.6,0.85
0.004096584641770469,0.6,0.8
0.0036424020651695606,0.6,0.7
0.003084781537395614,0.6,0.75
0.0062803389072222,0.6,0.85
0.003967411756999479,0.6,0.5
0.004294105512374331,0.6,0.65
0.003829554221301959,0.6,0.8
0.004993737564848526,0.6,0.7
0.004171536949695055,0.6,0.85
0.003799875065784105,0.6,0.5
0.0038667602140764466,0.6,0.5
0.0039977437403637146,0.6,0.9
0.00460555873085823,0.6,0.8
0.0031933701882400542,0.6,0.75
0.0031808888883879186,0.6,0.55
0.0024075388122965,0.6,0.55
0.0028518508777020638,0.6,0.65
0.0014940892921656826,0.6,0.35
0.0026103204564322255,0.6,0.35
0.002656553177494212,0.6,0.5
0.0023694738550039253,0.6,0.7
0.0021722590925551703,0.6,0.35
0.0007301429423012443,0.6,0.35
0.0024502592492260293,0.6,0.45
0.004124451870029638,0.6,0.55
0.0017124802434588648,0.6,0.45
0.0027700695951422822,0.6,0.55
0.002272868210946872,0.6,0.4
0.0013203210526219343,0.6,0.45
0.002148776792055261,0.6,0.35
0.002101844902779625,0.6,0.45
0.0014461685974646583,0.6,0.35
0.0009455792405264595,0.6,0.3
0.0022246629927047488,0.6,0.4
0.0019335758866352703,0.6,0.35
0.0029647106448650864,0.6,0.45
0.0016707005565160104,0.6,0.45
0.0016032834636378367,0.6,0.4
0.0016624705523390192,0.6,0.3
0.002491045918647381,0.6,0.4
0.003126861352703867,0.6,0.5
0.0019449354274470299,0.6,0.45
0.002168285846168125,0.6,0.4
0.0022799416059301673,0.6,0.35
0.001541392290090848,0.6,0.35
0.0023122360541636476,0.6,0.35
0.003820718678618574,0.6,0.8
0.004811858616771952,0.6,0.85
0.0042723130450817446,0.6,0.95
0.003864572978255746,0.6,0.85
0.002539317443457713,0.6,0.6
0.0036719659896541877,0.6,0.85
0.003099706226968939,0.6,0.75
0.0038196075193292225,0.6,0.75
0.0041396958974525494,0.6,0.9
0.003777699314725745,0.6,0.9
0.0028935947820815477,0.6,0.7
0.002872965939850977,0.6,0.55
0.00262797291919365,0.6,0.4
0.0021210888111919783,0.6,0.4
0.0031290996340027103,0.6,0.5
0.00228404267033557,0.6,0.55
0.0023510297277845524,0.6,0.5
0.001890712000710013,0.6,0.35
0.013210005975769297,0.6,0.7
0.0032181266405474185,0.6,0.65
0.0030248856416640654,0.6,0.55
0.0030071732117697993,0.6,0.55
0.002741201124471805,0.6,0.4
0.005871442491417712,0.6,0.9
0.004554079665823016,0.6,0.8
0.003614017919174492,0.6,0.8
0.0031492878120159165,0.6,0.65
0.0027438596838413472,0.6,0.6
0.0032550991660033335,0.6,0.5
0.0021003288274396574,0.6,0.45
0.0028864706216636007,0.6,0.6
0.003911469129025183,0.6,0.8
0.004916739710909581,0.6,0.9
0.004536523620098055,0.6,0.75
0.0042967818850297625,0.6,0.85
0.0034113252155275214,0.6,0.6
0.0032365787178308585,0.6,0.5
0.0025313769361822195,0.6,0.5
0.003866286168961888,0.6,0.55
0.006855847353131757,0.6,0.9
0.007893226482952402,0.6,1.0
0.006249782511909417,0.6,0.95
0.005427905472462306,0.6,0.8
0.004108502917388772,0.6,0.8
0.00320039569643997,0.6,0.6
0.004209832485186826,0.6,0.7
0.0071466048843239925,0.6,0.95
0.007472775627018184,0.6,1.0
0.004739623097901213,0.6,0.9
0.003377169765339338,0.6,0.8
0.003969462013601756,0.6,0.65
0.005541125359092713,0.6,0.85
0.010320162441776392,0.6,1.0
0.005530531325689307,0.6,0.95
0.004989892285809773,0.6,0.85
0.005162498737871343,0.6,0.8
0.004302375992250617,0.6,0.65
0.0030584122977122775,0.6,0.7
0.005257171617895425,0.6,0.65
0.007724009072710504,0.6,1.0
0.006286689004775886,0.6,1.0
0.004333079668639394,0.6,0.9
0.003096174998470264,0.6,0.7
0.003845670046603973,0.6,0.55
0.004452950070601682,0.6,0.6
0.0063538093313018,0.6,0.95
0.00941074992330454,0.6,1.0
0.005962307913675188,0.6,0.9
0.004277707465102075,0.6,0.9
0.004934199643432528,0.6,0.5
0.004047651912861909,0.6,0.7
0.008374658735106373,0.6,0.65
0.00743202928089613,0.6,1.0
0.0049227492699340175,0.6,0.9
0.003451082039403037,0.6,0.8
0.004161321840998976,0.6,0.7
0.003955370950665088,0.6,0.65
0.002672814290083738,0.6,0.55
0.0033283798929843364,0.6,0.75
0.007439405578435733,0.6,0.8
0.009561245558182854,0.6,1.0
0.004649833060641271,0.6,0.8
0.004535979987346633,0.6,0.95
0.004372376999893218,0.6,0.9
0.0038446373178253326,0.6,0.85
0.0042838070171137685,0.6,0.6
0.006514262864870125,0.6,1.0
0.005841166758778638,0.6,1.0
0.0035679829867269757,0.6,0.85
0.0039000705308664787,0.6,0.85
0.0028491929570205717,0.6,0.55
0.0028166846725101386,0.6,0.5
0.002980946367974057,0.6,0.6
0.002241076606982825,0.6,0.55
0.0032071494421810703,0.6,0.55
0.002218480834493551,0.6,0.5
0.0030047525880533776,0.6,0.55
0.0027446205400442586,0.6,0.45
0.002585058817850737,0.6,0.5
0.0020374792906162247,0.6,0.5
0.0024099635817229036,0.6,0.4
0.0015593711037790378,0.6,0.35
0.002802547221632481,0.6,0.6
0.0006365905349521056,0.6,0.35
0.007956126574481184,0.6,0.55
0.0031435645412030647,0.6,0.6
0.0024727963269087043,0.6,0.55
0.0027152408902151133,0.6,0.5
0.0028173051467324335,0.6,0.45
0.002438022170202009,0.6,0.5
0.002750884877560814,0.6,0.5
0.0026455871017238737,0.6,0.5
0.002078672066502006,0.6,0.45
0.003072381957537741,0.6,0.45
0.00504473055421176,0.6,0.75
0.004160207376989429,0.6,0.9
0.003377318062783986,0.6,0.65
0.0026927352732085894,0.6,0.6
0.002649818758428482,0.6,0.6
0.003351941800727127,0.6,0.7
0.0032666717325626794,0.6,0.7
0.0038422533822170626,0.6,0.75
0.003776591422073247,0.6,0.6
0.0021657880789117457,0.6,0.45
0.002711610040472842,0.6,0.55
0.0018550072848570545,0.6,0.4
0.0010934151209181502,0.6,0.35
0.002817074015034042,0.6,0.5
0.001288694331052355,0.6,0.4
0.002483248721914472,0.6,0.4
0.0024349908714288767,0.6,0.45
0.002816381148455,0.6,0.6
0.0030754742604156707,0.6,0.45
0.0026588848847195344,0.6,0.7
0.0025249921926427613,0.6,0.5
0.005829277813060793,0.6,0.55
0.00901100718569477,0.6,0.85
0.002569176566542388,0.6,0.4
0.0033330109532179243,0.6,0.55
0.0027255346089123974,0.6,0.65
0.0015973155267060138,0.6,0.4
0.0029024296035123857,0.6,0.55
0.004274105704428092,0.6,0.65
0.0038546291129680148,0.6,0.85
0.00392095531496203,0.6,0.85
0.0034023105749663475,0.6,0.6
0.0028719601739693405,0.6,0.6
0.002018401165034827,0.6,0.5
0.003384114909102883,0.6,0.65
0.003668919072918524,0.6,0.75
0.007032751195838659,0.6,0.7
0.0048112613446646135,0.6,0.9
0.004835818739969482,0.6,1.0
0.003367225737900438,0.6,0.75
0.0050218489787346625,0.6,0.9
0.003419816304083246,0.6,0.8
0.003754833022012181,0.6,0.65
0.003924728519416059,0.6,0.7
0.004443809694267755,0.6,0.85
0.004584051076627562,0.6,0.75
0.0037996773208305527,0.6,0.75
0.0043671562754451195,0.6,0.85
0.004426531471673076,0.6,0.8
0.0053802145823859514,0.6,0.65
0.003412818121909672,0.6,0.65
0.0034327316412903043,0.6,0.8
0.00505992332582875,0.6,0.85
0.004829441451756633,0.6,0.85
0.0033772893364439082,0.6,0.85
0.0033737728540566905,0.6,0.8
0.0022233454652089233,0.6,0.45
0.7909883029875621,0.7,0.75
0.0027138133413144765,0.7,0.75
0.0024146072395619085,0.7,0.5
0.0024171515757787053,0.7,0.8
0.003455004366200392,0.7,0.6
0.006025577165203145,0.7,1.0
0.0035978083678234246,0.7,0.9
0.0034559953025633566,0.7,0.8
0.003780122594867811,0.7,0.95
0.003723324305722931,0.7,0.7
0.004290110874175207,0.7,0.9
0.0017810174075568162,0.7,0.55
0.002820879559440824,0.7,0.75
0.007720511855546241,0.7,0.8
0.005472593558511805,0.7,1.0
0.003624283198087655,0.7,0.95
0.003455565403103407,0.7,0.75
0.002870025095426544,0.7,0.9
0.002593639349143702,0.7,0.85
0.00470953169669133,0.7,0.95
0.007502940594254592,0.7,1.0
0.008007680189384435,0.7,1.0
0.006148910893725261,0.7,0.95
0.005054906445703424,0.7,0.95
0.004648988234339127,0.7,0.9
0.0036968876327189296,0.7,0.9
0.0032778391239043424,0.7,0.9
0.008658420176157795,0.7,0.95
0.00852230216050624,0.7,1.0
0.004671634661645845,0.7,1.0
0.0033500907808039944,0.7,0.95
0.0028954371926468384,0.7,0.8
0.005226852857378125,0.7,0.85
0.011153525130327474,0.7,1.0
0.0060009308266746105,0.7,1.0
0.005762010963667645,0.7,0.95
0.004506455530046389,0.7,0.9
0.0034798213927085746,0.7,0.7
0.0028903529571011138,0.7,0.75
0.007861820369211675,0.7,0.75
0.010116073645791071,0.7,1.0
0.0054299220151947,0.7,0.95
0.003560617693195192,0.7,0.85
0.002966276045718904,0.7,0.8
0.002687538632002227,0.7,0.55
0.0036942925601507063,0.7,0.75
0.008471918017065315,0.7,1.0
0.008080558839254633,0.7,1.0
0.0053914750293598,0.7,0.9
0.004717454133694033,0.7,0.85
0.00515031781472877,0.7,0.75
0.0033874974818093634,0.7,0.85
0.0035561234280542583,0.7,0.9
0.010172678565732056,0.7,1.0
0.006333873335739604,0.7,1.0
0.004202699363289451,0.7,0.95
0.003265425574559066,0.7,0.95
0.003000077551385464,0.7,0.75
0.0032888335112954232,0.7,0.7
0.0029386565312712197,0.7,0.7
0.004079122134185299,0.7,0.85
0.008084141426865398,0.7,1.0
0.009939295794660982,0.7,1.0
0.0054885761980697076,0.7,0.95
0.005258214197853909,0.7,0.75
0.004335345064873364,0.7,0.9
0.0038240734482813984,0.7,0.9
0.009062393711471762,0.7,0.95
0.0066367364385163385,0.7,1.0
0.00522729622370711,0.7,1.0
0.004249542058123524,0.7,0.7
0.003488912795629204,0.7,0.75
0.0024202548306078197,0.7,0.85
0.0018508068187249808,0.7,0.5
0.0024909519875041413,0.7,0.65
0.0026973970368044755,0.7,0.65
0.0023940642634646377,0.7,0.75
0.0028545106465432952,0.7,0.75
0.002269921695917204,0.7,0.6
0.0026284083465034284,0.7,0.75
0.0018147820720983753,0.7,0.45
0.001841746654284801,0.7,0.55
0.0016531675307258434,0.7,0.5
0.0020851228817801827,0.7,0.75
0.0020593732803239474,0.7,0.6
0.0022036131350264966,0.7,0.6
0.011633968317798987,0.7,0.9
0.003597988601968406,0.7,0.75
0.0030833424490023004,0.7,0.75
0.003280185906782614,0.7,0.9
0.0030016751775155826,0.7,0.6
0.003892025561573037,0.7,0.95
0.004780874678709838,0.7,0.9
0.003921216513422688,0.7,0.85
0.0021393583946288475,0.7,0.55
0.004727013289686086,0.7,0.85
0.005877038770564209,0.7,1.0
0.003670288037244016,0.7,0.95
0.0030332367996772263,0.7,0.75
0.003051709079043826,0.7,0.7
0.0023666256887596663,0.7,0.8
0.0025096739955596933,0.7,0.7
0.0020089574384672413,0.7,0.75
0.9538067504979186,0.7,0.85
0.1837606927245822,0.7,1.0
0.02632246779290161,0.7,0.95
0.011306712760740929,0.7,1.0
0.016280421117262786,0.7,1.0
0.007394637997604504,0.7,1.0
0.003991820044943216,0.7,0.85
0.003269508523221376,0.7,0.7
0.0025540685534353783,0.7,0.75
0.00246103291033384,0.7,0.8
0.0029744088697822354,0.7,0.85
0.002035967246173076,0.7,0.75
0.0021797152703345903,0.7,0.6
0.0028284983922655382,0.7,0.7
0.007247877129996846,0.7,0.8
0.003589427225735058,0.7,0.9
0.0027836101053040777,0.7,0.8
0.003798917177195409,0.7,0.9
0.0036624697083524815,0.7,0.9
0.003480468675710906,0.7,0.9
0.0027172421314222957,0.7,0.75
0.0033247980866893093,0.7,0.65
0.0032881165511913116,0.7,0.95
0.0034792104908520686,0.7,0.8
0.00216839942243562,0.7,0.65
0.002113521284815041,0.7,0.55
0.001971758811253888,0.7,0.55
0.0027585957486103278,0.7,0.7
0.003554800738258499,0.7,0.85
0.0046535711927461155,0.7,0.95
0.0037940685465344642,0.7,0.9
0.003583602882434679,0.7,1.0
0.005546673221125479,0.7,0.9
0.003951105375244718,0.7,0.95
0.0036689013374644375,0.7,0.65
0.003676760803855906,0.7,0.95
0.002838548387816964,0.7,0.85
0.00526417527689414,0.7,0.95
0.0035242819038949938,0.7,0.7
0.0039315784447598555,0.7,0.75
0.0034764240330689873,0.7,0.95
0.004729268719331378,0.7,0.8
0.003940939078085274,0.7,0.9
0.0026773114969731514,0.7,0.6
0.0039110111372792624,0.7,0.7
0.0037450895948169184,0.7,0.95
0.004010297168611902,0.7,0.9
0.0028793518630161096,0.7,0.85
0.0026929974504573896,0.7,0.55
0.0025806348405086684,0.7,0.7
0.0025917780651052566,0.7,0.7
0.001952592972599016,0.7,0.65
0.0020121950267410487,0.7,0.6
0.002264967500015931,0.7,0.8
0.0023743500386644864,0.7,0.5
0.00171787988268116,0.7,0.55
0.001813418070351399,0.7,0.65
0.0021985837455476658,0.7,0.5
0.00374156535505014,0.7,1.0
0.0019046989627600427,0.7,0.65
0.0025190887939171886,0.7,0.65
0.0013779707412275828,0.7,0.45
0.0021429068590417743,0.7,0.5
0.002200240694109098,0.7,0.7
0.0018461668055394361,0.7,0.65
0.0020972688837326016,0.7,0.5
0.0011498581183510105,0.7,0.5
0.002409577649057916,0.7,0.75
0.0023751162111239794,0.7,0.8
0.001484254364840187,0.7,0.4
0.0017869847685319914,0.7,0.35
0.00219854508071886,0.7,0.65
0.0013282137590447701,0.7,0.5
0.001657395986824602,0.7,0.5
0.0023563646039901263,0.7,0.6
0.002060557708814278,0.7,0.6
0.002068680699840447,0.7,0.6
0.0016163362267643008,0.7,0.5
0.0012962625381692026,0.7,0.4
0.00199091969864492,0.7,0.55
0.0034727592937475625,0.7,0.85
0.004910628423757173,0.7,0.95
0.004258896933054202,0.7,0.95
0.0037996323677828912,0.7,0.85
0.0025605402074717937,0.7,0.7
0.003259646745205069,0.7,0.95
0.0025134521475255094,0.7,0.8
0.0038043844758566523,0.7,0.75
0.0038760265052666886,0.7,1.0
0.003443977843672307,0.7,0.95
0.0026120664348501686,0.7,0.85
0.0021992353027168875,0.7,0.6
0.0025218843898568172,0.7,0.65
0.0018794455751304782,0.7,0.6
0.002296251495075702,0.7,0.75
0.0018777484864931741,0.7,0.65
0.00274696980384604,0.7,0.75
0.001924384269648749,0.7,0.5
0.014387171799590984,0.7,0.65
0.003029992910758472,0.7,0.85
0.002735618712376239,0.7,0.65
0.0027476198362430333,0.7,0.8
0.0019140619490073416,0.7,0.55
0.0053237888365792775,0.7,1.0
0.004554009346754222,0.7,0.8
0.0033369003367903468,0.7,0.85
0.002131207329667445,0.7,0.65
0.002741459871886335,0.7,0.6
0.0028846512633397313,0.7,0.7
0.0024277494719342086,0.7,0.75
0.002619418893932052,0.7,0.7
0.0033703744769818683,0.7,0.85
0.004455532299994183,0.7,1.0
0.004121688529091464,0.7,0.9
0.003801356740287812,0.7,0.95
0.002933108890205722,0.7,0.6
0.0034216356582674567,0.7,0.65
0.001845813976008541,0.7,0.65
0.003814437362784734,0.7,0.55
0.006855847309336036,0.7,0.9
0.007893226482952402,0.7,1.0
0.006249782511909417,0.7,0.95
0.005122741321322712,0.7,0.85
0.004027656363988545,0.7,0.8
0.0031681114769784445,0.7,0.7
0.0038765997040310965,0.7,0.75
0.007146417636001861,0.7,0.95
0.007472775627018287,0.7,1.0
0.0045100801349681864,0.7,0.95
0.003221717927642976,0.7,0.85
0.0035543071331290395,0.7,0.65
0.00531644312234948,0.7,0.9
0.010320159785062014,0.7,1.0
0.005530531325689307,0.7,0.95
0.004714336985865199,0.7,0.9
0.004442795258520023,0.7,0.95
0.0034798485892339396,0.7,0.7
0.0031654167726722815,0.7,0.65
0.00436240810676403,0.7,0.85
0.00772336888283448,0.7,1.0
0.006286689004775808,0.7,1.0
0.003927645220933445,0.7,1.0
0.0031132795500568725,0.7,0.85
0.0034252475109704593,0.7,0.95
0.0036617380379812513,0.7,0.6
0.006579618774627307,0.7,0.95
0.00941074992347109,0.7,1.0
0.005962307913675188,0.7,0.9
0.004277707465102075,0.7,0.9
0.003921987873147355,0.7,0.95
0.003963273146739417,0.7,0.7
0.008812744831344472,0.7,0.6
0.007433293851466879,0.7,1.0
0.0047469210563616,0.7,0.95
0.003157108893362791,0.7,0.85
0.0034501129394901285,0.7,0.9
0.003572786621367321,0.7,0.65
0.002513136732769874,0.7,0.65
0.0033508040782776103,0.7,0.85
0.006897923641369883,0.7,0.8
0.009561256031634281,0.7,1.0
0.004280902890678786,0.7,0.95
0.00444231247240828,0.7,0.95
0.003989953907311395,0.7,1.0
0.0036350913940919626,0.7,0.9
0.003743871569989759,0.7,0.75
0.006485612768519883,0.7,1.0
0.005841166758773082,0.7,1.0
0.0033698613050865936,0.7,0.9
0.003318481185083891,0.7,1.0
0.002174275022634398,0.7,0.85
0.0024068327694466637,0.7,0.75
0.002982390543593862,0.7,0.65
0.0019583772659463594,0.7,0.6
0.002900837589504555,0.7,0.8
0.0024431794550284227,0.7,0.7
0.002425246261566546,0.7,0.55
0.0028722434977226,0.7,0.75
0.0026097111716659196,0.7,0.7
0.0022439470173048234,0.7,0.65
0.0012700475471181755,0.7,0.45
0.0019174681268289116,0.7,0.65
0.0023471399597191933,0.7,0.55
0.001143940398938419,0.7,0.35
0.006073947427178492,0.7,0.8
0.0027262450168169133,0.7,0.85
0.002392510525066338,0.7,0.75
0.0023675320238354556,0.7,0.7
0.0020793600594452063,0.7,0.6
0.0020403510865530097,0.7,0.55
0.0027795437879227485,0.7,0.75
0.0020476669247128875,0.7,0.55
0.002247081147871692,0.7,0.75
0.0024080059989078175,0.7,0.6
0.004763150145347194,0.7,0.75
0.0041286928339087335,0.7,0.9
0.0027977710907291712,0.7,0.7
0.002875839522455183,0.7,0.65
0.0026697706969472912,0.7,0.85
0.0029223162410527016,0.7,0.9
0.0029728038874675504,0.7,0.85
0.0036269642918584674,0.7,0.8
0.0031020335048057507,0.7,0.7
0.002099642381161575,0.7,0.6
0.0025014837015266294,0.7,0.7
0.0022523837194785546,0.7,0.75
0.001113792870555959,0.7,0.5
0.002411472176736489,0.7,0.6
0.002271052128059964,0.7,0.65
0.0028303452273204027,0.7,0.65
0.0020885109628134427,0.7,0.6
0.0025340399312186136,0.7,0.7
0.0018568455322592976,0.7,0.6
0.0022592591121973066,0.7,0.55
0.002245562999914742,0.7,0.75
0.004910768506697948,0.7,0.65
0.008352531964068871,0.7,0.95
0.0033000059214478294,0.7,0.7
0.002351371888564155,0.7,0.65
0.0024597454698694465,0.7,0.85
0.001859305692947832,0.7,0.6
0.0025882969113570887,0.7,0.9
0.004271343130016551,0.7,0.7
0.0034221757399544054,0.7,0.9
0.0039119413172513,0.7,0.85
0.003017670779598526,0.7,0.75
0.002742099406814105,0.7,0.85
0.0021533255109244965,0.7,0.65
0.0026084698734136972,0.7,0.6
0.003490331692445263,0.7,0.8
0.006685099014553771,0.7,0.65
0.005242591242953747,0.7,0.9
0.004835818726025563,0.7,1.0
0.003367225737900438,0.7,0.75
0.0050218489787346625,0.7,0.9
0.0032406701281598557,0.7,0.9
0.0034593866919827966,0.7,0.8
0.0035701003169456794,0.7,0.75
0.004177869749263918,0.7,0.9
0.004604642256618396,0.7,0.9
0.003376722346686963,0.7,0.9
0.004142249461713628,0.7,0.9
0.004426531272186262,0.7,0.8
0.0048151095294086945,0.7,0.85
0.0033112549121992498,0.7,0.85
0.003118666712495355,0.7,0.95
0.0053762006179291786,0.7,0.8
0.004378541331919178,0.7,0.95
0.0032169143952530746,0.7,0.85
0.003285903870665249,0.7,0.95
0.001786496243747594,0.7,0.5
0.002571631062894768,0.7,0.65
0.002311925410821172,0.7,0.55
0.0021006054832439624,0.7,0.6
0.0017052335218151974,0.7,0.6
0.002883101221611905,0.7,0.2
0.7416326129003441,0.8,0.8
0.002511148291145418,0.8,0.85
0.00214387221725534,0.8,0.65
0.002171635351788959,0.8,0.9
0.0036151192195092016,0.8,0.9
0.006026024643693397,0.8,1.0
0.0034960573375736777,0.8,0.95
0.003117248221853237,0.8,0.95
0.003657248713202244,0.8,0.95
0.0033772966046604624,0.8,0.85
0.004227681369923338,0.8,0.95
0.0018781116221856427,0.8,0.6
0.00316775057043533,0.8,0.8
0.007720512632847065,0.8,0.8
0.0054725935585117885,0.8,1.0
0.0034433800574309404,0.8,1.0
0.0033216042648211938,0.8,0.8
0.0027769076976104597,0.8,0.9
0.00140063433636303,0.8,0.6
0.00512665884626074,0.8,0.95
0.007502940594521862,0.8,1.0
0.008007680189384435,0.8,1.0
0.005846384905684366,0.8,1.0
0.004803497826714029,0.8,1.0
0.004368055331664766,0.8,0.95
0.0035712360714299693,0.8,0.9
0.003090311426942378,0.8,0.95
0.008200929127555897,0.8,1.0
0.008522302160257232,0.8,1.0
0.004671634661645845,0.8,1.0
0.0033500907808039944,0.8,0.95
0.002725119664577166,0.8,0.85
0.004969178308717183,0.8,0.9
0.011153525324550408,0.8,1.0
0.0060009308266746105,0.8,1.0
0.0054396927168763615,0.8,0.85
0.004615725934730883,0.8,0.95
0.003256117544945342,0.8,0.75
0.002989147375789888,0.8,0.9
0.007506642415670311,0.8,0.8
0.010116073665067915,0.8,1.0
0.005161622064285072,0.8,1.0
0.0032428455085622694,0.8,0.95
0.00280432530922898,0.8,0.9
0.0023998838308399483,0.8,0.7
0.0036931532203577696,0.8,0.75
0.00847191801705268,0.8,1.0
0.008080558839254633,0.8,1.0
0.0053914750293598,0.8,0.9
0.004295076725752457,0.8,0.9
0.004808702076849654,0.8,0.8
0.00254157118596749,0.8,0.85
0.0039511781746553705,0.8,0.85
0.010172678800611146,0.8,1.0
0.006333873335739604,0.8,1.0
0.004001674143906263,0.8,1.0
0.0032542966139534712,0.8,0.95
0.0028138103689096384,0.8,0.7
0.0030011143566612934,0.8,0.85
0.002639282196559354,0.8,0.85
0.003706348758368188,0.8,0.95
0.008082548791719681,0.8,1.0
0.009939295794660793,0.8,1.0
0.0052148513317647836,0.8,1.0
0.004928652548280081,0.8,0.8
0.004426251579883843,0.8,0.95
0.003550758025420847,0.8,0.95
0.00877323292139801,0.8,1.0
0.006636736436194418,0.8,1.0
0.00522729622370711,0.8,1.0
0.0037085978423164524,0.8,0.85
0.0032197801726150618,0.8,0.95
0.0023161675955068956,0.8,0.9
0.0017051866604649024,0.8,0.55
0.0027078112427176442,0.8,0.8
0.002085934285377812,0.8,0.75
0.0021292617515324564,0.8,0.85
0.0028963815731045854,0.8,0.8
0.0021974000823710665,0.8,0.8
0.0025436299887092147,0.8,0.85
0.0020103097177598984,0.8,0.6
0.0019518955822021673,0.8,0.7
0.0016403951748485285,0.8,0.7
0.0014990076170466563,0.8,0.6
0.0019190555084309022,0.8,0.5
0.0018211671318333349,0.8,0.65
0.010918327259770842,0.8,0.95
0.0037277638321353535,0.8,0.95
0.0029768680844972513,0.8,0.8
0.0032704718958114264,0.8,0.9
0.003218147674244901,0.8,0.95
0.0034573074520541087,0.8,0.9
0.004570562140781859,0.8,1.0
0.00374527255144922,0.8,0.75
0.002459068356220705,0.8,0.65
0.004617164821297819,0.8,1.0
0.00587703876998198,0.8,1.0
0.0035940112580692906,0.8,0.95
0.002855540633342266,0.8,0.8
0.002721864114444899,0.8,0.8
0.0019164573961384062,0.8,0.7
0.0020486446383331633,0.8,0.6
0.0017469030274859924,0.8,0.65
0.9538048288491587,0.8,0.85
0.18376069272458057,0.8,1.0
0.025098536930577696,0.8,1.0
0.011306936828493158,0.8,1.0
0.016280421117262737,0.8,1.0
0.007394637997604504,0.8,1.0
0.004109416729454405,0.8,0.95
0.002667589366154412,0.8,0.9
0.0025514973181674735,0.8,0.75
0.002412038812948009,0.8,0.95
0.002573475638890405,0.8,0.65
0.0019745605556941398,0.8,0.7
0.002099910238989333,0.8,0.65
0.0030344173958436528,0.8,1.0
0.007210178946098618,0.8,0.8
0.0035306616970765575,0.8,0.9
0.0030461120070804063,0.8,0.9
0.003707250503870188,0.8,0.9
0.0034745770472575364,0.8,0.95
0.00345099179341574,0.8,1.0
0.0025551337486986554,0.8,0.85
0.003676490975062759,0.8,0.8
0.0031298845623248125,0.8,1.0
0.003315973993704705,0.8,0.85
0.0022888027592172073,0.8,0.9
0.002204253267586022,0.8,0.65
0.001820130012213448,0.8,0.6
0.0025994257615919677,0.8,0.7
0.0033987445954636883,0.8,0.9
0.00454027141692603,0.8,1.0
0.0035943248410523574,0.8,0.95
0.003583724407566293,0.8,1.0
0.005138980119536958,0.8,1.0
0.0037447097697854244,0.8,1.0
0.003867023396107938,0.8,0.8
0.0036767600799543806,0.8,0.95
0.0028494677713726017,0.8,0.9
0.0052642717568956825,0.8,0.95
0.003302573269761708,0.8,0.75
0.0035569184565634733,0.8,0.7
0.003366196479575994,0.8,1.0
0.0046660205234784,0.8,0.8
0.004134207232565896,0.8,1.0
0.0029170803987198695,0.8,0.8
0.003178016498752589,0.8,0.9
0.003665502557310836,0.8,0.95
0.003867589188192199,0.8,0.95
0.0028671628934352714,0.8,0.9
0.002415819627266353,0.8,0.85
0.002332414685914225,0.8,0.8
0.0025679377951809664,0.8,0.7
0.002079588677222654,0.8,0.75
0.0019294291173468689,0.8,0.7
0.00201220166551719,0.8,0.85
0.0020915927409733263,0.8,0.75
0.001883336584880671,0.8,0.75
0.0017234919141330195,0.8,0.65
0.0019934985811027916,0.8,0.65
0.003741611641851816,0.8,1.0
0.0017210647700112388,0.8,0.75
0.0024050284675684297,0.8,0.8
0.001154902081151783,0.8,0.45
0.0016260402501769367,0.8,0.6
0.0014750617909064865,0.8,0.55
0.0019057835790372436,0.8,0.8
0.0018588473154836447,0.8,0.6
0.0011633377980079943,0.8,0.5
0.0020231995954684435,0.8,0.85
0.0024942426842406613,0.8,0.9
0.0019288445576209374,0.8,0.8
0.002002474637970374,0.8,0.65
0.0021765672073843973,0.8,0.65
0.0015437862876807702,0.8,0.55
0.001658354867585016,0.8,0.5
0.0022769361282100114,0.8,0.85
0.0023341256509849273,0.8,0.8
0.0016491281336633047,0.8,0.65
0.0023568434454673873,0.8,0.9
0.001340806748558956,0.8,0.6
0.0020733000413430502,0.8,0.6
0.0031407993107584573,0.8,0.95
0.0048770211101240414,0.8,0.95
0.004047654483019797,0.8,1.0
0.0031647164449780368,0.8,0.9
0.002313307018112921,0.8,0.75
0.003177913616007133,0.8,1.0
0.002242997696442506,0.8,0.9
0.003653327589119239,0.8,0.85
0.003876028138674955,0.8,1.0
0.003276566383403476,0.8,1.0
0.002613688875546041,0.8,0.9
0.0020410740347498245,0.8,0.65
0.002521884025675211,0.8,0.65
0.0016681605626875336,0.8,0.7
0.0024319763823042314,0.8,0.75
0.0022203299335331874,0.8,0.95
0.002574203962462931,0.8,0.8
0.002158933681406561,0.8,0.7
0.00983344106091556,0.8,1.0
0.0028808244255253334,0.8,0.85
0.0027387554508767533,0.8,0.65
0.0026069708175049193,0.8,0.8
0.0023618660746206046,0.8,0.7
0.005328205315761842,0.8,1.0
0.0039822568207682945,0.8,0.95
0.0033368479366551397,0.8,0.85
0.0019884389427001323,0.8,0.7
0.0023323157867491053,0.8,0.85
0.002999406596224526,0.8,0.75
0.002562331058015786,0.8,0.8
0.0026190018867661064,0.8,0.7
0.0031692236850339272,0.8,0.9
0.004438402472851332,0.8,1.0
0.003906901288263859,0.8,0.95
0.003801355119702025,0.8,0.95
0.00272640923303567,0.8,0.75
0.0033541002655390643,0.8,0.75
0.0024100162967069937,0.8,1.0
0.004554013034146833,0.8,0.8
0.005342851987727727,0.8,0.95
0.007893226477668863,0.8,1.0
0.005937212126165861,0.8,1.0
0.00468168190607211,0.8,0.95
0.0036935804965984617,0.8,0.95
0.002779571879572365,0.8,0.7
0.00351930687749697,0.8,0.9
0.0071452681352760245,0.8,0.95
0.007472775627023034,0.8,1.0
0.0043520018352008,0.8,1.0
0.0030427187073998555,0.8,0.9
0.003554306892894756,0.8,0.65
0.00531170304204602,0.8,0.9
0.010324259144083218,0.8,1.0
0.005281721476881355,0.8,1.0
0.004745861508710966,0.8,0.9
0.004672733276162067,0.8,0.95
0.0031313965964099213,0.8,0.75
0.0027928301421409826,0.8,0.8
0.0042286514966070705,0.8,0.9
0.007723535832596757,0.8,1.0
0.006286689004775847,0.8,1.0
0.003927645220933445,0.8,1.0
0.0028593646730173316,0.8,0.95
0.0034240191547069312,0.8,0.95
0.003107605217566323,0.8,0.9
0.006354003133138472,0.8,0.95
0.009410749923304965,0.8,1.0
0.005686043855127506,0.8,0.95
0.004249636745569189,0.8,0.95
0.003921987822675978,0.8,0.95
0.003763556460522934,0.8,0.7
0.007865381919989312,0.8,0.7
0.0074333012460874705,0.8,1.0
0.004512838555961045,0.8,1.0
0.0029931285271833936,0.8,0.9
0.0036371901374639293,0.8,0.85
0.0029718499733859937,0.8,0.95
0.0023399790555155213,0.8,0.75
0.002919730508134107,0.8,0.75
0.006897923663857353,0.8,0.8
0.009561256031634281,0.8,1.0
0.004280902890678786,0.8,0.95
0.00444231247240828,0.8,0.95
0.003989953907311395,0.8,1.0
0.0037892109113450536,0.8,0.8
0.0035186196825698042,0.8,0.8
0.006480911587626878,0.8,1.0
0.005841166758772303,0.8,1.0
0.0034742440133298065,0.8,0.95
0.0033228287934474973,0.8,1.0
0.002174275022635116,0.8,0.85
0.002453180604104654,0.8,0.9
0.0023225729786752513,0.8,0.7
0.0022606308007344696,0.8,0.85
0.002352451129649094,0.8,0.7
0.0018709299883104202,0.8,0.6
0.002720153657455187,0.8,0.55
0.0022864908197965587,0.8,0.65
0.002318797816076148,0.8,0.7
0.002083757184980393,0.8,0.7
0.0013263583168133335,0.8,0.55
0.0021246378050175855,0.8,0.7
0.002570768548932039,0.8,1.0
0.000940636030917343,0.8,0.45
0.00604783655829097,0.8,0.8
0.00264486389861753,0.8,0.95
0.0023925162344331868,0.8,0.75
0.002252182321388016,0.8,1.0
0.0022983744454360255,0.8,0.9
0.001758403942169229,0.8,0.8
0.002614167402943929,0.8,0.9
0.0022944631610590923,0.8,0.75
0.0011087125667104312,0.8,0.5
0.002301585255349645,0.8,0.8
0.004250989019480442,0.8,0.95
0.003744109260776182,0.8,1.0
0.002760904472089208,0.8,0.9
0.00198921844962131,0.8,0.85
0.0025768560030424584,0.8,0.95
0.0028070207266453176,0.8,0.85
0.0029728038876879605,0.8,0.85
0.003502119021420216,0.8,0.85
0.0030630997100597884,0.8,0.9
0.0018178813843081148,0.8,0.7
0.0020815546145171076,0.8,0.7
0.002109270880460648,0.8,0.75
0.0006280931165734775,0.8,0.45
0.0023693692247306565,0.8,0.65
0.0021448268705076363,0.8,0.7
0.002566823163610679,0.8,0.9
0.002401844473866913,0.8,1.0
0.0024033127865301872,0.8,0.7
0.002002011011042852,0.8,0.75
0.0019554182385475914,0.8,0.65
0.002245125781259026,0.8,0.75
0.004910768506699178,0.8,0.65
0.007936050824296083,0.8,1.0
0.003300003084529706,0.8,0.7
0.0023513718885640553,0.8,0.65
0.002413008518002021,0.8,0.9
0.0017641666610650247,0.8,0.6
0.0024611906342109995,0.8,0.95
0.0038901077047377958,0.8,0.7
0.0034116549825063906,0.8,0.9
0.003501284360483603,0.8,0.95
0.002856620650477494,0.8,0.8
0.0023964959034504124,0.8,0.85
0.0021531833849325333,0.8,0.65
0.00251183535588541,0.8,0.75
0.0034132442651414485,0.8,0.95
0.005883165935017123,0.8,0.7
0.005325308772358705,0.8,0.95
0.004530581253445015,0.8,1.0
0.002986481843437378,0.8,0.85
0.005020127431017023,0.8,0.9
0.0032164818577478105,0.8,1.0
0.003170652781878737,0.8,0.8
0.003425018091783581,0.8,0.75
0.003964749184093283,0.8,0.95
0.004364247515638078,0.8,0.95
0.0032013072402544535,0.8,0.95
0.003759714848071712,0.8,1.0
0.0037150146051928555,0.8,1.0
0.004579527645601,0.8,0.9
0.0033306796239286032,0.8,0.85
0.0029700857360355584,0.8,1.0
0.004527421977514844,0.8,0.95
0.0043785358035782086,0.8,0.95
0.0028880350072616723,0.8,0.95
0.003137740363451792,0.8,1.0
0.002036580627066447,0.8,0.85
0.002422022236941646,0.8,0.65
0.002613175265102828,0.8,0.75
0.0019493238390023008,0.8,0.65
0.0019292099993149419,0.8,0.75
0.0023401443525487716,0.8,0.55
0.002237548519089165,0.8,0.75
0.0019522949980104697,0.8,0.65
0.0023999367377798607,0.8,0.55
0.0035579323153864433,0.8,1.0
0.0020502601101136564,0.8,0.95
0.0024142518567600124,0.8,0.65
0.0016618136943451418,0.8,0.6
0.0020149598722762714,0.8,0.7
0.0015833015445468356,0.8,0.5
0.001506064941782289,0.8,0.5
0.0016657105709271917,0.8,0.75
0.002498665893663006,0.8,0.75
0.0024216165326548145,0.8,0.85
0.0016525442250501258,0.8,0.6
0.002190526585969667,0.8,0.75
0.0021155384007656955,0.8,0.65
0.0012973083482162684,0.8,0.5
0.002239978519424557,0.8,0.8
0.0022018427375783862,0.8,0.5
0.0015133072865472351,0.8,0.5
0.0018975316629112394,0.8,0.65
0.0021707183467153638,0.8,0.75
0.00197896724768951,0.8,0.7
0.002613808427882736,0.8,0.75
0.002163927595030987,0.8,0.1
0.7414225863977348,0.9,0.8
0.0023947730929220275,0.9,0.95
0.0020317681357452095,0.9,0.85
0.0019191168054901585,0.9,0.8
0.0030527663655229667,0.9,0.75
0.006082714682812774,0.9,1.0
0.003439887961302881,0.9,1.0
0.0030254538704225374,0.9,1.0
0.0034946224161144642,0.9,1.0
0.0033331313035235206,0.9,0.95
0.0042479336704175155,0.9,1.0
0.002390518909489072,0.9,0.95
0.0027978073456091826,0.9,0.95
0.007720526113972976,0.9,0.8
0.00547259594680494,0.9,1.0
0.0034433800574309413,0.9,1.0
0.0031255185138104567,0.9,0.95
0.0026955179391654955,0.9,0.95
0.0022257649231102335,0.9,0.8
0.004505745828705979,0.9,1.0
0.007502940594005763,0.9,1.0
0.008007680189384435,0.9,1.0
0.005846384905684366,0.9,1.0
0.004803497826714029,0.9,1.0
0.0044426506483160235,0.9,1.0
0.003353015168155604,0.9,1.0
0.0029997934665628796,0.9,1.0
0.008224328994967885,0.9,1.0
0.008522302160279481,0.9,1.0
0.004671634661645845,0.9,1.0
0.0034104090131091306,0.9,1.0
0.0027261781884850497,0.9,1.0
0.004695896753256873,0.9,1.0
0.01115352776941559,0.9,1.0
0.0060009308266746105,0.9,1.0
0.005496523607894914,0.9,1.0
0.004067268492305824,0.9,1.0
0.002980863275033758,0.9,0.8
0.003213205190040536,0.9,0.95
0.006460823865661225,0.9,1.0
0.010116063917084112,0.9,1.0
0.005161622064285071,0.9,1.0
0.0030851811132073296,0.9,1.0
0.0028888504450672483,0.9,0.8
0.002467318317736195,0.9,0.8
0.003216355181868831,0.9,0.95
0.008470320948895608,0.9,1.0
0.008080558839254435,0.9,1.0
0.004918791241477495,0.9,1.0
0.003999882780556522,0.9,0.95
0.004804985177050853,0.9,0.8
0.0034791077334564205,0.9,1.0
0.0035001637963926373,0.9,0.95
0.010229377817978646,0.9,1.0
0.0063338733357545625,0.9,1.0
0.004001674143906263,0.9,1.0
0.0030932105095127674,0.9,1.0
0.0026995713038911037,0.9,0.95
0.0024250275647758096,0.9,0.95
0.002629171820128836,0.9,0.95
0.0035294113318396552,0.9,1.0
0.008082552476371577,0.9,1.0
0.009939295794660793,0.9,1.0
0.0052148513317647836,0.9,1.0
0.004928652548280081,0.9,0.8
0.004321581371545364,0.9,1.0
0.0035703276745878538,0.9,1.0
0.00876941045236863,0.9,1.0
0.0066367364361982735,0.9,1.0
0.00522729622370711,0.9,1.0
0.0033419079104738416,0.9,0.95
0.003064787566090077,0.9,1.0
0.002118982758708454,0.9,0.8
0.0015497300393230316,0.9,0.85
0.00236572357688655,0.9,1.0
0.0022913368311320015,0.9,0.8
0.0017842192597381714,0.9,0.95
0.002872050924985071,0.9,1.0
0.0016341427911355936,0.9,0.75
0.0023907694493478454,0.9,0.75
0.0015004118289357316,0.9,0.85
0.0018388697260287082,0.9,0.65
0.0014768960704263298,0.9,0.85
0.0015712598423981814,0.9,0.9
0.0016660316370397357,0.9,0.65
0.0017202514511463138,0.9,0.85
0.010837685222001243,0.9,0.95
0.0035633033462937223,0.9,1.0
0.002368880319587736,0.9,0.7
0.0029406391573529225,0.9,0.95
0.003187485394884602,0.9,1.0
0.003586270847800442,0.9,1.0
0.004573284376535651,0.9,1.0
0.003630981874303962,0.9,1.0
0.0025641206137776056,0.9,0.8
0.004616198337383087,0.9,1.0
0.0058770387699815865,0.9,1.0
0.003488862487800338,0.9,1.0
0.0026972808261793934,0.9,0.95
0.002047238329124427,0.9,0.75
0.0021729721441346586,0.9,0.8
0.0022028565720404836,0.9,0.95
0.00198329638630844,0.9,1.0
0.8108838592710403,0.9,1.0
0.18376069272549084,0.9,1.0
0.025098536930577696,0.9,1.0
0.011306936828493158,0.9,1.0
0.016280421117262737,0.9,1.0
0.007394637997604504,0.9,1.0
0.004103288962395944,0.9,0.95
0.002476539725629342,0.9,1.0
0.00205632594554086,0.9,0.8
0.0023922657633074574,0.9,0.95
0.0027802244165615582,0.9,0.9
0.0022662475917449142,0.9,1.0
0.0019352159018199736,0.9,0.95
0.003103116115001703,0.9,0.95
0.006071647304756198,0.9,0.95
0.003243591379380695,0.9,0.9
0.0029283527260140513,0.9,0.8
0.003442562953646572,0.9,1.0
0.0036009496141330977,0.9,1.0
0.0034509929651504066,0.9,1.0
0.002574662762517659,0.9,1.0
0.0032017631188993173,0.9,1.0
0.0031269817465310683,0.9,1.0
0.0032018605947657223,0.9,0.95
0.0021078189789437447,0.9,0.95
0.0023593739677654994,0.9,0.85
0.0017402964366780792,0.9,0.8
0.0024317941800511473,0.9,0.75
0.0030782800560665694,0.9,1.0
0.004475122053178962,0.9,1.0
0.003414652432223525,0.9,1.0
0.003583601332510584,0.9,1.0
0.0051389801195369485,0.9,1.0
0.0037447097697854244,0.9,1.0
0.003617566006876282,0.9,1.0
0.003514690758728821,0.9,1.0
0.0028850904693294654,0.9,1.0
0.005021634545979003,0.9,1.0
0.003052076112348931,0.9,0.9
0.0031114545198648105,0.9,0.8
0.0033667312198883406,0.9,1.0
0.003931205391067637,0.9,0.95
0.00413295542332663,0.9,1.0
0.0029166062211219298,0.9,0.9
0.0034926603447813114,0.9,1.0
0.003550343700549854,0.9,1.0
0.003795822440229704,0.9,0.95
0.00260005484229553,0.9,1.0
0.002313208619908449,0.9,0.9
0.0021285885150442133,0.9,0.9
0.002261810516310209,0.9,0.95
0.0011729854044693403,0.9,0.5
0.0018101525744779316,0.9,0.8
0.0018882979985646272,0.9,0.95
0.0018070969234670127,0.9,0.8
0.001539900950345787,0.9,0.9
0.001932105586816255,0.9,0.85
0.002353808136784254,0.9,0.85
0.003741589066101953,0.9,1.0
0.001691561631103919,0.9,1.0
0.0022753766425461907,0.9,0.9
0.0018203881707887827,0.9,0.9
0.0018057379086564068,0.9,0.8
0.0017668720185232871,0.9,0.8
0.0016034162563870029,0.9,0.9
0.0019132513406833484,0.9,0.75
0.0015995988752969992,0.9,0.7
0.002133768208063249,0.9,0.95
0.0023567659877046236,0.9,0.8
0.002126114548048004,0.9,0.9
0.0019060081231353865,0.9,0.75
0.0020588119101271865,0.9,0.75
0.0014374720439219914,0.9,0.6
0.001840886630238152,0.9,0.75
0.002356490020009755,0.9,0.95
0.002152685619583459,0.9,0.9
0.0018123304940269559,0.9,0.8
0.0021802800744203815,0.9,0.9
0.002011341587161177,0.9,1.0
0.0020296775388901093,0.9,0.95
0.002971791798484935,0.9,1.0
0.004676316365598584,0.9,1.0
0.004047652779955646,0.9,1.0
0.0032946010705974986,0.9,1.0
0.0020325272548536106,0.9,1.0
0.003148931349080788,0.9,1.0
0.0023882599641249854,0.9,1.0
0.003251944957996937,0.9,0.95
0.0038758342491536533,0.9,1.0
0.0032765663834034555,0.9,1.0
0.002562409634073149,0.9,1.0
0.0018283307971439964,0.9,0.95
0.0022488302673927874,0.9,0.95
0.0017219193578301838,0.9,0.95
0.002390369371273861,0.9,0.95
0.0021836834441116434,0.9,1.0
0.0024787462487126616,0.9,0.9
0.0017247692362955679,0.9,0.85
0.009833655779442589,0.9,1.0
0.0027170983061430743,0.9,0.75
0.0027311663944431346,0.9,0.8
0.0024361355029794613,0.9,0.9
0.0020226153015890157,0.9,0.7
0.005324123522594139,0.9,1.0
0.003978578283186367,0.9,0.95
0.0033681294019332815,0.9,1.0
0.0022450815459780556,0.9,0.9
0.0021291269811781754,0.9,0.75
0.0029254649608596913,0.9,0.8
0.002472800591436006,0.9,0.95
0.0024933574969578966,0.9,1.0
0.002953152511701881,0.9,1.0
0.0044375203157623316,0.9,1.0
0.0037130353554848962,0.9,1.0
0.0036270486540075655,0.9,1.0
0.002720218304505836,0.9,0.85
0.0024591279501569325,0.9,0.9
0.0024562528459938053,0.9,0.85
0.004554013029486397,0.9,0.8
0.00508027273239922,0.9,1.0
0.007888663133617833,0.9,1.0
0.00593721212616523,0.9,1.0
0.004579725978350481,0.9,1.0
0.0035544265123756144,0.9,0.95
0.0024696012643678693,0.9,0.9
0.003130684062831613,0.9,1.0
0.006809499874126114,0.9,1.0
0.007472775626309272,0.9,1.0
0.0043520018352008,0.9,1.0
0.0027401107071237433,0.9,1.0
0.0033858303171118618,0.9,1.0
0.004688721969394538,0.9,1.0
0.010320001603836115,0.9,1.0
0.005281721476880671,0.9,1.0
0.004274358547056544,0.9,1.0
0.004671035457347737,0.9,0.95
0.0030312539826519887,0.9,0.95
0.00266277349374181,0.9,0.95
0.003773536010566271,0.9,1.0
0.007723538085087052,0.9,1.0
0.006286689004775847,0.9,1.0
0.003927645220933445,0.9,1.0
0.002742028839348519,0.9,1.0
0.0031381033784808783,0.9,0.95
0.0029448668772608434,0.9,0.95
0.0063629913130338585,0.9,0.95
0.009410751152310182,0.9,1.0
0.005401661408459774,0.9,1.0
0.004156668760760969,0.9,1.0
0.0035297999782044147,0.9,0.85
0.00396014424092409,0.9,0.9
0.006463389239290287,0.9,0.95
0.0074319518977060284,0.9,1.0
0.0045128385559606715,0.9,1.0
0.0030619604524851195,0.9,0.95
0.0029842492931606633,0.9,0.95
0.0028450157447870122,0.9,1.0
0.0022298846593368153,0.9,0.7
0.0030729465480019516,0.9,0.8
0.006171926098166341,0.9,0.95
0.00956124322689998,0.9,1.0
0.004077915100741323,0.9,1.0
0.004209118951883313,0.9,1.0
0.003989947992564438,0.9,1.0
0.00344747717982703,0.9,1.0
0.0037139184091894884,0.9,0.7
0.006487285381495558,0.9,1.0
0.005841166758773315,0.9,1.0
0.0034075113084742,0.9,0.95
0.003323211513798893,0.9,1.0
0.00183172005957651,0.9,0.8
0.0022270395283256186,0.9,0.85
0.002135321829808169,0.9,0.95
0.001984654294214117,0.9,0.95
0.0023523334034078486,0.9,0.8
0.002327934073240911,0.9,0.75
0.0025040951910682216,0.9,1.0
0.0023682411211708686,0.9,0.85
0.002447094635706832,0.9,0.75
0.0019536046626785334,0.9,0.9
0.000960897485043507,0.9,0.6
0.00207959958702441,0.9,0.9
0.002569617650138246,0.9,1.0
0.0013939387571639706,0.9,0.6
0.005273032203251356,0.9,0.95
0.0025387295360999066,0.9,1.0
0.002229802952686068,0.9,0.8
0.0022798172536777554,0.9,0.95
0.0020997564465563916,0.9,0.95
0.0016108580649547542,0.9,0.85
0.0022541227106447222,0.9,0.95
0.0022890943322569244,0.9,0.9
0.001002259999880338,0.9,0.55
0.0021734831065905375,0.9,0.85
0.00411842332044061,0.9,0.95
0.0037430947959495114,0.9,1.0
0.002610263707389943,0.9,0.9
0.0018875247684315768,0.9,0.9
0.0024683181345615457,0.9,1.0
0.0025476812972546545,0.9,0.9
0.0027630460184917736,0.9,0.85
0.0031217386463312635,0.9,0.95
0.002846643911565661,0.9,0.95
0.0020294831602493974,0.9,0.9
0.0015833313451827998,0.9,0.65
0.0019522845742924696,0.9,0.85
0.0009258970336326524,0.9,0.5
0.002369888946734866,0.9,0.7
0.0022594756485258423,0.9,0.95
0.0022968150363774278,0.9,0.95
0.0022746893882215754,0.9,1.0
0.0022459063090733726,0.9,0.75
0.0022004592911243934,0.9,0.9
0.002255577707515152,0.9,0.95
0.0019770915762612326,0.9,0.8
0.0046523591934279135,0.9,0.75
0.007936050895326095,0.9,1.0
0.0029280858826412474,0.9,0.75
0.0022436190688916403,0.9,0.95
0.001901117080722869,0.9,0.8
0.001801614603745275,0.9,0.75
0.002338198555924931,0.9,1.0
0.0034009998048618265,0.9,0.95
0.003289108772805139,0.9,1.0
0.003343674321276728,0.9,1.0
0.002562084007686287,0.9,0.95
0.002415998130176791,0.9,1.0
0.0022659355860466957,0.9,0.8
0.0025608475928554633,0.9,0.9
0.0032996388810409456,0.9,1.0
0.0051114858368804875,0.9,1.0
0.004564589925094066,0.9,1.0
0.004530581252858686,0.9,1.0
0.002900034045904919,0.9,0.95
0.004301524346296852,0.9,1.0
0.003216481851826354,0.9,1.0
0.0030530799660189335,0.9,0.95
0.0033020170307370036,0.9,0.95
0.003767333099726996,0.9,1.0
0.004177295564546293,0.9,1.0
0.0030678251636154,0.9,1.0
0.0037579260882291132,0.9,1.0
0.0037150146051916494,0.9,1.0
0.004153495071335224,0.9,1.0
0.0027809321067317405,0.9,0.95
0.002969743459426368,0.9,1.0
0.004527407532582453,0.9,0.95
0.004293474723706789,0.9,1.0
0.00273890416399499,0.9,1.0
0.003137594998717351,0.9,1.0
0.0018305027920219393,0.9,0.9
0.0024166927802203556,0.9,0.95
0.0022624383137474723,0.9,0.95
0.0017407982092457687,0.9,0.75
0.0017228114337558933,0.9,0.9
0.002780026356564704,0.9,0.85
0.001174278925047504,0.9,0.5
0.0018441133208275638,0.9,0.8
0.0022017707236940734,0.9,0.6
0.0035579225406713703,0.9,1.0
0.0012685928250547704,0.9,0.5
0.0021743276955991106,0.9,0.65
0.00183092239957694,0.9,0.7
0.001996609627817831,0.9,0.8
0.0018954238525726768,0.9,0.8
0.0016073632533121665,0.9,0.75
0.0017542136206140826,0.9,0.95
0.0027324623125950195,0.9,0.95
0.0021925681253289115,0.9,0.85
0.0016710478557068582,0.9,0.6
0.0022259192536629347,0.9,1.0
0.0012904094803263568,0.9,0.7
0.0018840029035437492,0.9,0.75
0.002107669845991421,0.9,0.85
0.002305637507059948,0.9,0.8
0.0011825295943612081,0.9,0.5
0.0019224348123033795,0.9,0.9
0.0026641987674458074,0.9,0.9
0.002227776235599132,0.9,0.95
0.002375189452674631,0.9,1.0
0.0030156782940784503,0.9,0.9
0.003661449488181504,0.9,1.0
0.004078552584906123,0.9,1.0
0.004009899852241723,0.9,1.0
0.003914993233021428,0.9,0.8
0.002804876662355349,0.9,1.0
0.003164376951240636,0.9,1.0
0.0029391076412966888,0.9,0.8
0.0048381744770075435,0.9,1.0
0.0034783722283124544,0.9,0.55
0.6246300030747105,1.0,0.95
0.0020563904785488446,1.0,1.0
0.0017177837174707016,1.0,0.7
0.002011259174200337,1.0,1.0
0.003258946661092698,1.0,1.0
0.006024956766055164,1.0,1.0
0.003439887961287779,1.0,1.0
0.0030254538704225374,1.0,1.0
0.0034946224161144642,1.0,1.0
0.0031851360567615858,1.0,1.0
0.004247933639610732,1.0,1.0
0.0023997418012116473,1.0,1.0
0.002654292214322034,1.0,1.0
0.006501556117365521,1.0,0.95
0.005472593021948821,1.0,1.0
0.0034433800574309404,1.0,1.0
0.002970445911906883,1.0,1.0
0.002599233116916578,1.0,1.0
0.002258965619964875,1.0,1.0
0.004505745883364306,1.0,1.0
0.007502940594005763,1.0,1.0
0.008007680189384435,1.0,1.0
0.005846384905684366,1.0,1.0
0.004803497826714029,1.0,1.0
0.0044426506483160235,1.0,1.0
0.003353015168155604,1.0,1.0
0.0029997934665628796,1.0,1.0
0.008224328994967885,1.0,1.0
0.008522302160279481,1.0,1.0
0.004671634661645845,1.0,1.0
0.0034104090131091306,1.0,1.0
0.0027261781884850497,1.0,1.0
0.004695896753256873,1.0,1.0
0.01115352776941559,1.0,1.0
0.0060009308266746105,1.0,1.0
0.005496523607894914,1.0,1.0
0.004067268492305824,1.0,1.0
0.0028361262424930244,1.0,0.95
0.0027707895764201925,1.0,1.0
0.006460669973297266,1.0,1.0
0.010116063917084092,1.0,1.0
0.005161622064285071,1.0,1.0
0.0030851811132073296,1.0,1.0
0.0025207519735487545,1.0,1.0
0.0021769123258414654,1.0,1.0
0.0030555755843849606,1.0,1.0
0.0084703209577232,1.0,1.0
0.008080558839254435,1.0,1.0
0.004918791241477495,1.0,1.0
0.003945763643683709,1.0,1.0
0.004091615511285996,1.0,0.95
0.003479107779969523,1.0,1.0
0.0033826946468219397,1.0,1.0
0.01017192052125822,1.0,1.0
0.006333873335739525,1.0,1.0
0.004001674143906263,1.0,1.0
0.0030932105095127674,1.0,1.0
0.002703704315869286,1.0,1.0
0.0023043928628202993,1.0,1.0
0.0025010156578360596,1.0,1.0
0.0035294096407146535,1.0,1.0
0.008082552476371577,1.0,1.0
0.009939295794660793,1.0,1.0
0.0052148513317647836,1.0,1.0
0.0046194850541579745,1.0,1.0
0.004322160341168884,1.0,1.0
0.003570327674587871,1.0,1.0
0.00876941045236863,1.0,1.0
0.0066367364361982735,1.0,1.0
0.00522729622370711,1.0,1.0
0.0031790944141305336,1.0,1.0
0.0030604647960668944,1.0,1.0
0.0020930985925743635,1.0,1.0
0.0013225229338583034,1.0,1.0
0.002364225971865516,1.0,1.0
0.0019311763858564073,1.0,0.95
0.0019283565606696331,1.0,1.0
0.0028720509260719536,1.0,1.0
0.0019097354820701163,1.0,0.95
0.0021852999766609695,1.0,1.0
0.0015741591892967067,1.0,0.9
0.0015120015645767222,1.0,0.95
0.001200446406155806,1.0,1.0
0.0016231693209598987,1.0,1.0
0.0015781510626506348,1.0,0.8
0.0020437430826163753,1.0,1.0
0.01038756504477642,1.0,1.0
0.0035633034581826995,1.0,1.0
0.0025114099966823235,1.0,0.95
0.002963139794379244,1.0,1.0
0.0031874196347976697,1.0,1.0
0.003586270847800446,1.0,1.0
0.004573284376535651,1.0,1.0
0.003630981874303962,1.0,1.0
0.0023522369001869347,1.0,0.8
0.0046171597358437705,1.0,1.0
0.00587703876998198,1.0,1.0
0.003488862487800338,1.0,1.0
0.002570373894975912,1.0,1.0
0.0022032156743372303,1.0,0.95
0.0020212791926936032,1.0,1.0
0.001985650519737688,1.0,1.0
0.0019832963860853957,1.0,1.0
0.8108838592710403,1.0,1.0
0.18376069272549084,1.0,1.0
0.025098536930577696,1.0,1.0
0.011306936828493158,1.0,1.0
0.016280421117262737,1.0,1.0
0.007394637997604504,1.0,1.0
0.003904004924673417,1.0,1.0
0.0024763999899475877,1.0,1.0
0.0020536646148145567,1.0,0.95
0.002299744018615493,1.0,1.0
0.0025521332501442324,1.0,1.0
0.0022675782512638393,1.0,1.0
0.0018649480650782043,1.0,1.0
0.003012827390207173,1.0,1.0
0.005773620149445937,1.0,1.0
0.0032429820444017134,1.0,1.0
0.0029181569561737234,1.0,1.0
0.00344256288761651,1.0,1.0
0.0036009496141330977,1.0,1.0
0.0034509929651504066,1.0,1.0
0.002574662762517659,1.0,1.0
0.0032017631188993173,1.0,1.0
0.0031269817465310683,1.0,1.0
0.0030418582669002117,1.0,1.0
0.0020760935266436096,1.0,1.0
0.0021046742268404257,1.0,0.95
0.0017987828144464268,1.0,0.65
0.0021007317633237356,1.0,0.95
0.003078155014064777,1.0,1.0
0.004475122053178948,1.0,1.0
0.003414652432223525,1.0,1.0
0.003583601332510584,1.0,1.0
0.0051389801195369485,1.0,1.0
0.0037447097697854244,1.0,1.0
0.003617566006876282,1.0,1.0
0.003514690758728821,1.0,1.0
0.0028850904693294654,1.0,1.0
0.005021634545979003,1.0,1.0
0.002750594504690013,1.0,1.0
0.0031076220362460678,1.0,0.8
0.003366186467192609,1.0,1.0
0.0037387014794619568,1.0,1.0
0.00413295552188717,1.0,1.0
0.002629385434375282,1.0,1.0
0.003490118886109562,1.0,1.0
0.0035503437005499454,1.0,1.0
0.0036061213126687814,1.0,1.0
0.0026000468375758823,1.0,1.0
0.0021704180867069905,1.0,1.0
0.0020017673506143537,1.0,1.0
0.0023582887153448047,1.0,1.0
0.001979442444339693,1.0,1.0
0.0019906434883373847,1.0,1.0
0.0018001808741568222,1.0,1.0
0.0018851501187932694,1.0,1.0
0.0015585616160936082,1.0,1.0
0.0023351998102264303,1.0,1.0
0.002194211438708689,1.0,1.0
0.0037415890624375426,1.0,1.0
0.001691561631103919,1.0,1.0
0.0022169278603516194,1.0,1.0
0.0016520293666649085,1.0,1.0
0.0017307037196961953,1.0,0.95
0.0018048331487122674,1.0,1.0
0.001466525545407262,1.0,1.0
0.0013954854888005891,1.0,0.8
0.0009653869583179835,1.0,0.6
0.0021014651683652153,1.0,1.0
0.0024628595885788874,1.0,1.0
0.0019437262847222254,1.0,1.0
0.0015657257100592527,1.0,0.85
0.00222874878745342,1.0,0.85
0.0013764336668847367,1.0,0.95
0.0018033804194360844,1.0,0.8
0.0021820472138827903,1.0,1.0
0.002028318443636265,1.0,1.0
0.0018894405509769334,1.0,0.8
0.002075946278620344,1.0,1.0
0.0019689908192757773,1.0,1.0
0.001933615145530431,1.0,1.0
0.0029717917986931417,1.0,1.0
0.004676316365598584,1.0,1.0
0.004047652779955646,1.0,1.0
0.0032946010705974986,1.0,1.0
0.0020325272548536106,1.0,1.0
0.003148931349080788,1.0,1.0
0.0023882599641249854,1.0,1.0
0.0031055788661090806,1.0,1.0
0.003875834252651081,1.0,1.0
0.0032765663834034555,1.0,1.0
0.002562409634073149,1.0,1.0
0.0017390611855066477,1.0,1.0
0.0021365574919072513,1.0,1.0
0.001636407324757449,1.0,1.0
0.002299260908865332,1.0,1.0
0.0021760246034438087,1.0,1.0
0.0023210927704666244,1.0,1.0
0.0015323991180116435,1.0,1.0
0.009833321126771662,1.0,1.0
0.002605247059206432,1.0,1.0
0.0024865817065483193,1.0,0.95
0.0023098153044031596,1.0,1.0
0.0017532454406460154,1.0,0.95
0.005324122954116493,1.0,1.0
0.0037831555660050226,1.0,1.0
0.003368090213972426,1.0,1.0
0.0021595863303301493,1.0,1.0
0.0021075416048333662,1.0,1.0
0.0026086135924520784,1.0,0.95
0.0024326509237762753,1.0,1.0
0.0024933574763691285,1.0,1.0
0.002953152511701881,1.0,1.0
0.0044375203157623316,1.0,1.0
0.0037130353554848962,1.0,1.0
0.0036270486540075655,1.0,1.0
0.002634968201809748,1.0,0.95
0.0026091639314970902,1.0,1.0
0.0024083736088748144,1.0,1.0
0.004101321484006326,1.0,1.0
0.00508027271174142,1.0,1.0
0.007888663133617833,1.0,1.0
0.00593721212616523,1.0,1.0
0.004579725978350481,1.0,1.0
0.0033778523690962646,1.0,1.0
0.0022236390876775665,1.0,1.0
0.0031306731997818695,1.0,1.0
0.006809499874126113,1.0,1.0
0.007472775626309272,1.0,1.0
0.0043520018352008,1.0,1.0
0.0027401107071237433,1.0,1.0
0.0033858303171118618,1.0,1.0
0.004688721969394538,1.0,1.0
0.010320001603836115,1.0,1.0
0.005281721476880671,1.0,1.0
0.004274358547056544,1.0,1.0
0.004438430195964222,1.0,1.0
0.002882909208979414,1.0,1.0
0.0025299764470020844,1.0,1.0
0.003773405947614313,1.0,1.0
0.007723538085087048,1.0,1.0
0.006286689004775847,1.0,1.0
0.003927645220933445,1.0,1.0
0.002742028839348519,1.0,1.0
0.003257455848506119,1.0,1.0
0.0028233683498391894,1.0,1.0
0.006046437052584291,1.0,1.0
0.009410749927153263,1.0,1.0
0.005401661408459773,1.0,1.0
0.004156668760760969,1.0,1.0
0.003728028184116803,1.0,1.0
0.0032599689150212934,1.0,1.0
0.006138574335818341,1.0,1.0
0.007431951867644439,1.0,1.0
0.0045128385559606715,1.0,1.0
0.002910675935762509,1.0,1.0
0.00287508318999015,1.0,1.0
0.0028450017964475535,1.0,1.0
0.0021495403110557768,1.0,0.95
0.00299719374498276,1.0,1.0
0.005863265128373312,1.0,1.0
0.00956124322693774,1.0,1.0
0.004077915100741323,1.0,1.0
0.004209118951883313,1.0,1.0
0.003989947992564438,1.0,1.0
0.00344747717982703,1.0,1.0
0.003030452900118433,1.0,0.95
0.0064809469341930975,1.0,1.0
0.005841166758772307,1.0,1.0
0.003301227983668145,1.0,1.0
0.003322820642446482,1.0,1.0
0.0018508506238937943,1.0,1.0
0.0022956159383086244,1.0,1.0
0.0020340094714556877,1.0,1.0
0.0019497968967144604,1.0,1.0
0.0025943990054128215,1.0,1.0
0.001979618327696462,1.0,1.0
0.0025040949239968796,1.0,1.0
0.002123581879495841,1.0,0.95
0.0024413910013391838,1.0,0.75
0.0017597131218840523,1.0,1.0
0.0009788775254724982,1.0,0.75
0.002011384544099732,1.0,1.0
0.0025696176502788865,1.0,1.0
0.0010562884706831997,1.0,0.7
0.006153397953246059,1.0,0.75
0.0025377564763130757,1.0,1.0
0.0019288837203471551,1.0,0.95
0.0022478894086953847,1.0,1.0
0.002077159001070771,1.0,1.0
0.0015265567381128092,1.0,1.0
0.0023496247025530854,1.0,1.0
0.0021522157993513684,1.0,1.0
0.001628122398676905,1.0,1.0
0.0020735635361687375,1.0,1.0
0.0038492562699411516,1.0,1.0
0.003741967959343548,1.0,1.0
0.002486944749410165,1.0,1.0
0.0016902047537405225,1.0,1.0
0.0024668114319116416,1.0,1.0
0.0026350090521512484,1.0,1.0
0.002677836545822358,1.0,1.0
0.002967499850255477,1.0,1.0
0.002790197771888886,1.0,1.0
0.0020696625413542304,1.0,1.0
0.002052883580698184,1.0,0.95
0.002083275980167173,1.0,1.0
0.0013165320678421638,1.0,0.8
0.0023699991632264877,1.0,0.7
0.0021502144234493105,1.0,1.0
0.0024520404154617713,1.0,1.0
0.002274688742007882,1.0,1.0
0.0021548547417049395,1.0,1.0
0.002054918247576054,1.0,1.0
0.002231336824390478,1.0,1.0
0.0020652349961584196,1.0,1.0
0.003699209057745479,1.0,1.0
0.0079360134804806,1.0,1.0
0.003077540744468177,1.0,0.95
0.002346974852555777,1.0,1.0
0.002098749137845885,1.0,1.0
0.0013554580900530118,1.0,0.7
0.0022934843898707526,1.0,1.0
0.0032310306043916576,1.0,1.0
0.0032891087714204473,1.0,1.0
0.003343674321276728,1.0,1.0
0.0024339720773063024,1.0,1.0
0.0024159981301743088,1.0,1.0
0.0017725504812922182,1.0,0.8
0.0023668025452621994,1.0,1.0
0.003299638681408457,1.0,1.0
0.0051114858368804875,1.0,1.0
0.004564589925094066,1.0,1.0
0.004530581252858686,1.0,1.0
0.002757290415011676,1.0,1.0
0.004299252651360601,1.0,1.0
0.0032164818518261224,1.0,1.0
0.0029004358927714282,1.0,1.0
0.0034080972292087385,1.0,1.0
0.0037669544641565646,1.0,1.0
0.004177295564545743,1.0,1.0
0.0030678251636154,1.0,1.0
0.0037579260882291132,1.0,1.0
0.0037150146051916494,1.0,1.0
0.004153495071335224,1.0,1.0
0.0028511982336913376,1.0,1.0
0.0029697434632247085,1.0,1.0
0.004301050879850972,1.0,1.0
0.004293474657545599,1.0,1.0
0.00273890416399499,1.0,1.0
0.003137594998717351,1.0,1.0
0.0017420279430323707,1.0,1.0
0.0022992131187000125,1.0,1.0
0.0026214497447400328,1.0,1.0
0.0017615995877358914,1.0,1.0
0.001574181718754801,1.0,1.0
0.0026689099204865174,1.0,0.8
0.0018180455865810523,1.0,0.95
0.0016752983206254559,1.0,1.0
0.0014840263531195501,1.0,0.8
0.0035587657572581275,1.0,1.0
0.0019504197343276513,1.0,1.0
0.0021054745625657414,1.0,0.8
0.001844804682775902,1.0,0.95
0.0018616169647273206,1.0,1.0
0.0019832871989054817,1.0,1.0
0.001273190349327598,1.0,1.0
0.0016697087031986306,1.0,1.0
0.0026186241448556444,1.0,1.0
0.0021521236496568506,1.0,1.0
0.0016755520852839705,1.0,1.0
0.002225196110141765,1.0,1.0
0.001658418741552313,1.0,1.0
0.002070100249524386,1.0,0.95
0.0018751001716715405,1.0,1.0
0.001943542683512912,1.0,0.95
0.0009141354773547097,1.0,0.65
0.0015647624296104572,1.0,0.8
0.0020135447223201355,1.0,0.85
0.002119951940046462,1.0,1.0
0.0023751894943659473,1.0,1.0
0.003014063949540996,1.0,1.0
0.003661082568112553,1.0,1.0
0.004078552584906085,1.0,1.0
0.004009899852241723,1.0,1.0
0.003725943752735292,1.0,1.0
0.0026439967296197726,1.0,1.0
0.00316437695120935,1.0,1.0
0.0024758357348386977,1.0,0.95
0.004837498388716838,1.0,1.0
0.003609822907908162,1.0,1.0
0.0026307627108355896,1.0,1.0
0.0022662388651983555,1.0,1.0
0.002631375222435422,1.0,1.0
0.0017392943239555318,1.0,1.0
0.0015936586924447393,1.0,1.0
0.0014990219982671164,1.0,1.0
0.002656069234946029,1.0,1.0
0.002331744528477787,1.0,0.65
